,id
0,DB00007
1,DB00010
2,DB00014
3,DB00017
4,DB00035
5,DB00067
6,DB00091
7,DB00104
8,DB00114
9,DB00115
10,DB00122
11,DB00125
12,DB00126
13,DB00131
14,DB00136
15,DB00140
16,DB00153
17,DB00160
18,DB00162
19,DB00163
20,DB00165
21,DB00167
22,DB00169
23,DB00175
24,DB00176
25,DB00177
26,DB00178
27,DB00179
28,DB00180
29,DB00181
30,DB00182
31,DB00186
32,DB00187
33,DB00188
34,DB00190
35,DB00191
36,DB00193
37,DB00195
38,DB00199
39,DB00201
40,DB00203
41,DB00204
42,DB00206
43,DB00208
44,DB00210
45,DB00211
46,DB00213
47,DB00214
48,DB00215
49,DB00216
50,DB00218
51,DB00221
52,DB00222
53,DB00226
54,DB00227
55,DB00230
56,DB00232
57,DB00240
58,DB00241
59,DB00242
60,DB00244
61,DB00245
62,DB00246
63,DB00248
64,DB00252
65,DB00255
66,DB00257
67,DB00262
68,DB00264
69,DB00268
70,DB00270
71,DB00273
72,DB00275
73,DB00277
74,DB00278
75,DB00279
76,DB00280
77,DB00281
78,DB00282
79,DB00284
80,DB00285
81,DB00286
82,DB00287
83,DB00289
84,DB00290
85,DB00295
86,DB00297
87,DB00302
88,DB00304
89,DB00305
90,DB00307
91,DB00308
92,DB00310
93,DB00313
94,DB00315
95,DB00316
96,DB00318
97,DB00320
98,DB00321
99,DB00323
100,DB00324
101,DB00325
102,DB00327
103,DB00328
104,DB00331
105,DB00332
106,DB00333
107,DB00334
108,DB00335
109,DB00337
110,DB00338
111,DB00342
112,DB00343
113,DB00346
114,DB00350
115,DB00351
116,DB00352
117,DB00353
118,DB00354
119,DB00356
120,DB00357
121,DB00361
122,DB00363
123,DB00364
124,DB00366
125,DB00367
126,DB00368
127,DB00371
128,DB00373
129,DB00374
130,DB00376
131,DB00379
132,DB00380
133,DB00381
134,DB00382
135,DB00384
136,DB00385
137,DB00387
138,DB00388
139,DB00390
140,DB00393
141,DB00394
142,DB00396
143,DB00397
144,DB00398
145,DB00399
146,DB00401
147,DB00404
148,DB00407
149,DB00408
150,DB00412
151,DB00413
152,DB00414
153,DB00419
154,DB00421
155,DB00422
156,DB00424
157,DB00428
158,DB00433
159,DB00434
160,DB00436
161,DB00437
162,DB00440
163,DB00441
164,DB00443
165,DB00444
166,DB00445
167,DB00448
168,DB00449
169,DB00451
170,DB00454
171,DB00457
172,DB00458
173,DB00461
174,DB00464
175,DB00465
176,DB00468
177,DB00470
178,DB00471
179,DB00472
180,DB00475
181,DB00476
182,DB00477
183,DB00480
184,DB00481
185,DB00482
186,DB00484
187,DB00489
188,DB00490
189,DB00491
190,DB00492
191,DB00494
192,DB00497
193,DB00499
194,DB00500
195,DB00501
196,DB00502
197,DB00508
198,DB00514
199,DB00515
200,DB00519
201,DB00521
202,DB00523
203,DB00524
204,DB00527
205,DB00530
206,DB00532
207,DB00533
208,DB00535
209,DB00536
210,DB00537
211,DB00540
212,DB00541
213,DB00542
214,DB00544
215,DB00545
216,DB00547
217,DB00548
218,DB00549
219,DB00550
220,DB00552
221,DB00554
222,DB00555
223,DB00557
224,DB00559
225,DB00563
226,DB00564
227,DB00569
228,DB00570
229,DB00571
230,DB00572
231,DB00573
232,DB00575
233,DB00580
234,DB00583
235,DB00584
236,DB00585
237,DB00586
238,DB00588
239,DB00590
240,DB00591
241,DB00593
242,DB00594
243,DB00596
244,DB00598
245,DB00603
246,DB00604
247,DB00605
248,DB00608
249,DB00611
250,DB00612
251,DB00619
252,DB00620
253,DB00622
254,DB00623
255,DB00624
256,DB00627
257,DB00630
258,DB00631
259,DB00635
260,DB00636
261,DB00637
262,DB00640
263,DB00641
264,DB00642
265,DB00644
266,DB00647
267,DB00650
268,DB00651
269,DB00652
270,DB00653
271,DB00654
272,DB00655
273,DB00657
274,DB00659
275,DB00661
276,DB00668
277,DB00669
278,DB00672
279,DB00674
280,DB00675
281,DB00678
282,DB00679
283,DB00682
284,DB00686
285,DB00687
286,DB00691
287,DB00692
288,DB00694
289,DB00695
290,DB00696
291,DB00697
292,DB00704
293,DB00706
294,DB00707
295,DB00710
296,DB00712
297,DB00714
298,DB00715
299,DB00716
300,DB00717
301,DB00721
302,DB00722
303,DB00724
304,DB00727
305,DB00731
306,DB00733
307,DB00734
308,DB00736
309,DB00741
310,DB00744
311,DB00745
312,DB00747
313,DB00749
314,DB00750
315,DB00754
316,DB00755
317,DB00757
318,DB00758
319,DB00759
320,DB00762
321,DB00763
322,DB00764
323,DB00765
324,DB00767
325,DB00771
326,DB00773
327,DB00775
328,DB00776
329,DB00783
330,DB00787
331,DB00788
332,DB00790
333,DB00794
334,DB00795
335,DB00800
336,DB00804
337,DB00806
338,DB00808
339,DB00810
340,DB00813
341,DB00814
342,DB00816
343,DB00819
344,DB00820
345,DB00822
346,DB00829
347,DB00831
348,DB00839
349,DB00843
350,DB00844
351,DB00846
352,DB00848
353,DB00851
354,DB00852
355,DB00853
356,DB00860
357,DB00861
358,DB00863
359,DB00864
360,DB00865
361,DB00868
362,DB00869
363,DB00871
364,DB00876
365,DB00880
366,DB00881
367,DB00882
368,DB00883
369,DB00884
370,DB00887
371,DB00889
372,DB00898
373,DB00899
374,DB00901
375,DB00903
376,DB00904
377,DB00905
378,DB00906
379,DB00907
380,DB00908
381,DB00909
382,DB00912
383,DB00915
384,DB00917
385,DB00918
386,DB00921
387,DB00924
388,DB00925
389,DB00927
390,DB00928
391,DB00929
392,DB00933
393,DB00936
394,DB00937
395,DB00938
396,DB00939
397,DB00945
398,DB00947
399,DB00949
400,DB00952
401,DB00953
402,DB00956
403,DB00957
404,DB00958
405,DB00959
406,DB00960
407,DB00963
408,DB00966
409,DB00968
410,DB00969
411,DB00975
412,DB00977
413,DB00982
414,DB00983
415,DB00987
416,DB00988
417,DB00989
418,DB00990
419,DB00991
420,DB00992
421,DB00993
422,DB00995
423,DB00996
424,DB00997
425,DB00998
426,DB00999
427,DB01001
428,DB01002
429,DB01003
430,DB01005
431,DB01006
432,DB01008
433,DB01009
434,DB01014
435,DB01016
436,DB01017
437,DB01018
438,DB01019
439,DB01020
440,DB01023
441,DB01029
442,DB01030
443,DB01033
444,DB01035
445,DB01039
446,DB01041
447,DB01042
448,DB01043
449,DB01045
450,DB01050
451,DB01058
452,DB01062
453,DB01063
454,DB01064
455,DB01067
456,DB01068
457,DB01069
458,DB01070
459,DB01072
460,DB01073
461,DB01075
462,DB01076
463,DB01080
464,DB01083
465,DB01085
466,DB01086
467,DB01088
468,DB01095
469,DB01098
470,DB01099
471,DB01101
472,DB01104
473,DB01105
474,DB01109
475,DB01110
476,DB01113
477,DB01115
478,DB01118
479,DB01120
480,DB01122
481,DB01124
482,DB01125
483,DB01128
484,DB01129
485,DB01132
486,DB01133
487,DB01136
488,DB01137
489,DB01142
490,DB01143
491,DB01148
492,DB01151
493,DB01156
494,DB01157
495,DB01161
496,DB01162
497,DB01165
498,DB01167
499,DB01169
500,DB01170
501,DB01173
502,DB01174
503,DB01175
504,DB01176
505,DB01177
506,DB01181
507,DB01182
508,DB01185
509,DB01186
510,DB01188
511,DB01189
512,DB01192
513,DB01193
514,DB01194
515,DB01195
516,DB01196
517,DB01197
518,DB01200
519,DB01202
520,DB01203
521,DB01204
522,DB01210
523,DB01214
524,DB01216
525,DB01217
526,DB01219
527,DB01221
528,DB01222
529,DB01223
530,DB01224
531,DB01225
532,DB01228
533,DB01229
534,DB01231
535,DB01232
536,DB01233
537,DB01234
538,DB01235
539,DB01238
540,DB01240
541,DB01241
542,DB01242
543,DB01244
544,DB01248
545,DB01254
546,DB01255
547,DB01259
548,DB01260
549,DB01261
550,DB01262
551,DB01267
552,DB01268
553,DB01275
554,DB01291
555,DB01294
556,DB01296
557,DB01320
558,DB01327
559,DB01351
560,DB01356
561,DB01359
562,DB01364
563,DB01367
564,DB01394
565,DB01395
566,DB01399
567,DB01400
568,DB01403
569,DB01406
570,DB01410
571,DB01427
572,DB01551
573,DB01576
574,DB01577
575,DB01579
576,DB01590
577,DB01623
578,DB01677
579,DB02546
580,DB03796
581,DB03904
582,DB04272
583,DB04844
584,DB04861
585,DB05259
586,DB06285
587,DB06287
588,DB09026
589,DB11750
590,DB13919
591,DB14513
592,D102100
593,D102300
594,D102400
595,D102500
596,D103100
597,D103780
598,D104130
599,D104300
600,D106400
601,D107320
602,D107550
603,D107650
604,D109100
605,D109200
606,D109350
607,D109543
608,D109800
609,D110100
610,D113610
611,D114480
612,D114500
613,D114550
614,D114580
615,D115000
616,D115195
617,D115300
618,D115645
619,D119500
620,D121200
621,D121201
622,D125310
623,D125320
624,D125600
625,D125700
626,D125850
627,D125851
628,D125852
629,D125853
630,D126200
631,D127350
632,D127750
633,D128101
634,D131200
635,D131300
636,D131440
637,D132090
638,D132100
639,D132300
640,D133239
641,D133600
642,D133690
643,D134430
644,D134500
645,D134510
646,D134520
647,D134750
648,D135550
649,D136200
650,D137215
651,D137400
652,D137580
653,D137750
654,D137760
655,D137800
656,D138800
657,D140300
658,D140600
659,D140850
660,D143100
661,D143465
662,D143500
663,D143880
664,D144010
665,D144110
666,D144650
667,D144700
668,D145100
669,D145200
670,D145500
671,D145590
672,D145600
673,D146110
674,D146255
675,D146500
676,D146850
677,D147480
678,D147530
679,D147540
680,D148000
681,D148100
682,D150600
683,D150699
684,D151400
685,D151590
686,D152700
687,D153880
688,D154276
689,D155100
690,D155600
691,D155601
692,D156000
693,D156190
694,D157300
695,D157700
696,D157950
697,D158280
698,D160300
699,D160750
700,D161900
701,D164230
702,D165150
703,D165199
704,D165720
705,D166300
706,D166710
707,D166760
708,D167320
709,D167870
710,D168100
711,D168600
712,D170900
713,D171300
714,D173200
715,D174800
716,D175100
717,D175505
718,D175510
719,D176800
720,D176807
721,D178600
722,D179600
723,D179800
724,D179830
725,D181000
726,D181460
727,D181500
728,D182000
729,D182280
730,D182830
731,D184700
732,D187950
733,D188030
734,D188050
735,D188470
736,D189600
737,D189800
738,D190300
739,D190310
740,D190400
741,D191390
742,D191800
743,D192000
744,D192200
745,D194070
746,D194200
747,D200170
748,D203700
749,D205700
750,D206200
751,D208085
752,D208230
753,D208300
754,D208550
755,D208700
756,D208750
757,D208920
758,D210050
759,D211980
760,D212050
761,D212110
762,D212112
763,D212130
764,D212140
765,D212350
766,D215140
767,D215470
768,D217150
769,D217200
770,D218200
771,D218800
772,D220120
773,D223350
774,D225740
775,D225755
776,D226000
777,D226150
778,D227300
779,D230450
780,D230800
781,D231090
782,D231200
783,D231900
784,D233810
785,D236000
786,D237450
787,D237500
788,D238800
789,D239350
790,D240400
791,D241100
792,D241519
793,D243200
794,D246300
795,D246400
796,D246470
797,D247200
798,D247640
799,D248190
800,D249100
801,D250790
802,D252320
803,D254200
804,D254400
805,D254450
806,D254500
807,D254770
808,D254800
809,D255900
810,D256370
811,D256700
812,D258360
813,D259050
814,D259500
815,D259660
816,D260480
817,D260570
818,D260970
819,D261515
820,D263300
821,D263800
822,D264120
823,D266120
824,D266600
825,D267730
826,D267740
827,D268220
828,D268320
829,D270960
830,D273300
831,D273800
832,D275000
833,D276300
834,D277350
835,D277440
836,D277460
837,D278200
838,D300125
839,D300232
840,D300491
841,D300494
842,D303110
843,D304790
844,D304900
845,D305300
846,D308205
847,D308350
848,D308600
849,D310468
850,D311360
851,D312910
852,D540000
853,D600082
854,D600131
855,D600263
856,D600351
857,D600496
858,D600631
859,D600634
860,D600803
861,D600807
862,D600808
863,D601004
864,D601042
865,D601367
866,D601518
867,D601608
868,D601626
869,D601665
870,D601682
871,D602068
872,D602080
873,D602522
874,D603165
875,D604278
876,D604416
877,D604827
878,D605021
879,D605055
880,D605839
881,D606703
882,D606798
883,D606842
884,D607225
885,D607459
886,D607498
887,D607499
888,D607501
889,D607508
890,D607516
891,D607554
892,D607628
893,D607631
894,D607681
895,D607682
896,D607685
897,D607850
898,D608033
899,D608088
900,D608105
901,D608217
902,D608320
903,D608583
904,D608622
905,P29475
906,P00797
907,P04818
908,P21917
909,P00325
910,P48169
911,P02787
912,P35462
913,P30519
914,P07101
915,Q01959
916,P01375
917,P09601
918,P14416
919,P11473
920,P02741
921,P37840
922,P43004
923,P98164
924,P01189
925,P01009
926,Q04760
927,P01042
928,P01584
929,P30793
930,Q96EN8
931,P27338
932,P21397
933,P27708
934,P50135
935,P01024
936,P28476
937,A8MPY1
938,Q86SZ2
939,P02786
940,P46939
941,Q16552
942,P49281
943,Q16595
944,Q92570
945,P32004
946,Q5S007
947,Q13163
948,P15428
949,P11766
950,P21728
951,P29401
952,P24530
953,P00734
954,P14780
955,P21554
956,Q07869
957,P28702
958,Q8IWU9
959,P34972
960,P21673
961,P07741
962,Q05940
963,P17752
964,P03372
965,P24046
966,P80365
967,P10275
968,P05091
969,P09172
970,Q99720
971,P48637
972,Q9UI33
973,P09619
974,P00747
975,P16442
976,P37231
977,Q9UBS5
978,P16083
979,P12821
980,P07327
981,P08912
982,P30531
983,P14679
984,P80404
985,P29474
986,Q08828
987,P08913
988,P08908
989,P46098
990,P39086
991,Q9NR19
992,Q9UM73
993,P08319
994,P00740
995,Q05586
996,Q06203
997,Q99259
998,P47869
999,P25103
1000,P32238
1001,Q13224
1002,P41143
1003,Q13936
1004,P17516
1005,P28223
1006,Q14957
1007,P00326
1008,P31644
1009,P28566
1010,P30837
1011,P23975
1012,Q07343
1013,P40394
1014,P28335
1015,P18405
1016,P04406
1017,P00352
1018,P08172
1019,P14778
1020,P31213
1021,P42330
1022,Q05329
1023,Q9Y233
1024,P41145
1025,P08253
1026,P00390
1027,P34969
1028,P10276
1029,P24298
1030,P04278
1031,P10827
1032,P17735
1033,P11498
1034,P49589
1035,P30536
1036,P12081
1037,P31645
1038,P01178
1039,Q12879
1040,Q16445
1041,P00533
1042,P35372
1043,P47901
1044,P04150
1045,P14867
1046,P28222
1047,P09488
1048,P30711
1049,Q13255
1050,Q13003
1051,Q14831
1052,O00222
1053,P06241
1054,P30559
1055,Q93088
1056,P43681
1057,P43220
1058,Q16568
1059,Q14289
1060,P19440
1061,Q00535
1062,P05231
1063,Q6W5P4
1064,P01133
1065,P27986
1066,P16220
1067,P10145
1068,P52788
1069,P17405
1070,Q14416
1071,P29460
1072,P01137
1073,Q03181
1074,P09038
1075,P06850
1076,P48051
1077,P98160
1078,P04275
1079,P01019
1080,P49841
1081,Q06124
1082,P01112
1083,P19838
1084,P01138
1085,P06881
1086,P43003
1087,P02649
1088,P27815
1089,P29218
1090,P32239
1091,O60760
1092,P02751
1093,P41594
1094,P13569
1095,P25942
1096,Q99808
1097,P04040
1098,P48736
1099,P17900
1100,Q13426
1101,P62508
1102,P21964
1103,P11511
1104,P42898
1105,O00519
1106,P00813
1107,P15104
1108,Q13427
1109,Q14832
1110,P18505
1111,P28472
1112,P47870
1113,P20815
1114,Q92769
1115,Q9UBN7
1116,P29371
1117,P41146
1118,P42336
1119,O00329
1120,P42338
1121,P07949
1122,P49146
1123,O00206
1124,P25929
1125,Q15761
1126,P22301
1127,P39905
1128,Q9NQX3
1129,Q9BY49
1130,P15289
1131,P18509
1132,P11509
1133,P04637
1134,Q92847
1135,P23560
1136,P33151
1137,P15328
1138,P09429
1139,P40763
1140,P01303
1141,P05181
1142,P20813
1143,O14649
1144,P30926
1145,P32297
1146,P30532
1147,Q05901
1148,P12104
1149,P18507
1150,Q8N1C3
1151,Q99928
1152,Q16620
1153,O95622
1154,P61626
1155,P45983
1156,Q16566
1157,Q9UQM7
1158,P01889
1159,P14550
1160,P07108
1161,P30084
1162,O14964
1163,P01106
1164,P01583
1165,P18510
1166,P01903
1167,O95264
1168,Q9UGI6
1169,Q9ULB1
1170,Q9C0B1
1171,Q16555
1172,Q8TAB3
1173,O43613
1174,P34998
1175,P80303
1176,P63244
1177,P42858
1178,Q9NYV7
1179,P21333
1180,Q8NFD2
1181,P29322
1182,Q9Y6R4
1183,Q9P0L2
1184,P32245
1185,P00738
1186,P06307
1187,P02452
1188,P20309
1189,P14060
1190,P24752
1191,P35610
1192,Q9NYK1
1193,P10415
1194,P35354
1195,P09455
1196,P16050
1197,P28845
1198,P34896
1199,P11926
1200,O15528
1201,P01130
1202,P04626
1203,P25101
1204,P02768
1205,P06401
1206,P49585
1207,P19429
1208,P01589
1209,P08235
1210,Q01718
1211,Q9UKV0
1212,P16410
1213,P07858
1214,P01579
1215,P06730
1216,P35222
1217,P51580
1218,P62937
1219,P60568
1220,P13500
1221,Q92887
1222,P05362
1223,P04156
1224,P00450
1225,P42574
1226,Q9NR96
1227,P61586
1228,P48449
1229,P09874
1230,P14174
1231,Q96AZ6
1232,P32119
1233,P19021
1234,P47989
1235,O95864
1236,Q9UGM6
1237,O00305
1238,Q00653
1239,P00441
1240,P27695
1241,P01911
1242,Q8WTS6
1243,Q13363
1244,P01270
1245,P00403
1246,O15392
1247,Q9NPF7
1248,Q8NET8
1249,P05019
1250,P10644
1251,Q9NZQ7
1252,P10636
1253,Q15722
1254,P05112
1255,P35869
1256,P23458
1257,P01920
1258,P51178
1259,P46459
1260,P49913
1261,P35398
1262,Q15125
1263,P07288
1264,F7VJQ1
1265,P02765
1266,P04003
1267,P35858
1268,P15924
1269,P46940
1270,Q13153
1271,Q9H4B4
1272,Q15139
1273,Q96BR1
1274,P11532
1275,P43657
1276,P41222
1277,Q9Y487
1278,P55211
1279,O15123
1280,P19113
1281,Q9UI32
1282,P00488
1283,P35228
1284,P30542
1285,P00519
1286,P23219
1287,P35916
1288,P17948
1289,Q9UPY5
1290,P06213
1291,O60931
1292,P04049
1293,P13716
1294,P30556
1295,P34995
1296,P11836
1297,P51843
1298,P10912
1299,P12277
1300,Q13639
1301,P14618
1302,P11229
1303,P17707
1304,O76082
1305,P51606
1306,Q9H244
1307,P06746
1308,O95477
1309,P22888
1310,P49419
1311,P35498
1312,Q9H3S4
1313,Q02218
1314,P15692
1315,P20132
1316,P49916
1317,Q9UJ68
1318,P08588
1319,O76074
1320,P56937
1321,P45381
1322,Q8WTV0
1323,P14061
1324,O15374
1325,P18858
1326,Q13564
1327,Q09428
1328,P56556
1329,P23381
1330,P06858
1331,P05121
1332,P09917
1333,P00491
1334,Q9Y478
1335,O76054
1336,P08473
1337,P14207
1338,P01008
1339,P05089
1340,P30518
1341,Q13258
1342,P31153
1343,Q16795
1344,P00480
1345,P02753
1346,Q99714
1347,P00918
1348,P35520
1349,P49286
1350,P00374
1351,P00395
1352,P02766
1353,P25098
1354,P05093
1355,P20648
1356,Q96I99
1357,P63098
1358,P43116
1359,P35968
1360,P04070
1361,P23945
1362,Q9GZT4
1363,P60880
1364,P08246
1365,P02794
1366,P50416
1367,Q00266
1368,P51659
1369,P13196
1370,P19793
1371,P0DP23
1372,P55017
1373,P04083
1374,P04181
1375,P00338
1376,P22303
1377,P31749
1378,P30988
1379,O60669
1380,P29466
1381,Q96RQ3
1382,Q96A70
1383,O15427
1384,Q9UIC8
1385,P37023
1386,P30939
1387,O95665
1388,O60706
1389,Q16718
1390,Q16739
1391,O43497
1392,P16473
1393,P41252
1394,Q9Y5K3
1395,P35348
1396,P03886
1397,P41180
1398,O94788
1399,P48039
1400,P20701
1401,P28329
1402,P04424
1403,O60391
1404,P03905
1405,Q12791
1406,Q9NWM0
1407,Q04609
1408,P18089
1409,P04035
1410,Q14534
1411,O43772
1412,P40925
1413,P12235
1414,Q9Y617
1415,P11586
1416,P52895
1417,P18031
1418,Q13085
1419,Q8TDS4
1420,P42261
1421,Q8TCU5
1422,P14784
1423,P19235
1424,P03891
1425,P47712
1426,P17181
1427,P53985
1428,P51787
1429,P20138
1430,O95169
1431,Q13131
1432,Q16515
1433,O14842
1434,P05230
1435,P14902
1436,P07550
1437,P62942
1438,O95342
1439,Q13946
1440,P12314
1441,Q03405
1442,O14556
1443,Q99707
1444,P09622
1445,Q15822
1446,P53004
1447,Q9UI09
1448,P78540
1449,Q9UBK8
1450,O94760
1451,Q9P2J5
1452,P14324
1453,P22033
1454,P40926
1455,P33527
1456,Q92731
1457,Q99062
1458,Q9UHC9
1459,Q9Y2Q3
1460,P21266
1461,P09211
1462,P78417
1463,P07203
1464,O43708
1465,O94925
1466,Q16099
1467,P42262
1468,P48058
1469,P42263
1470,O43451
1471,P07947
1472,P06239
1473,P42081
1474,P33681
1475,P17787
1476,P07333
1477,P27487
1478,P01031
1479,P08069
1480,O60895
1481,P11086
1482,Q02750
1483,P05771
1484,P29972
1485,P22102
1486,Q06520
1487,P26358
1488,P00749
1489,O95237
1490,O75015
1491,P20810
1492,P35558
1493,P01023
1494,P51681
1495,P05451
1496,Q99519
1497,P08581
1498,P62993
1499,P61073
1500,P03956
1501,P10997
1502,P02652
1503,P28482
1504,P29274
1505,P02763
1506,P01574
1507,P25116
1508,P08174
1509,P27169
1510,O75891
1511,P02778
1512,P00156
1513,P07339
1514,P07225
1515,P50406
1516,P20333
1517,P34913
1518,O75469
1519,P49327
1520,P45452
1521,Q9Y5N1
1522,P17936
1523,P13501
1524,P35568
1525,P04062
1526,P29074
1527,Q9BYF1
1528,P32418
1529,P56817
1530,Q99497
1531,Q7L0J3
1532,P02788
1533,Q16853
1534,P31930
1535,P29965
1536,P99999
1537,P08311
1538,Q13464
1539,Q16539
1540,P03951
1541,Q8NER1
1542,P24385
1543,P08183
1544,P21980
1545,P04629
1546,P05412
1547,P15502
1548,P43005
1549,P11166
1550,Q13231
1551,P27361
1552,O60858
1553,Q9UNQ0
1554,P16581
1555,P05164
1556,O60733
1557,P15144
1558,Q15111
1559,P06493
1560,P80188
1561,P00750
1562,P11413
1563,P23297
1564,Q9UM07
1565,P17302
1566,P21589
1567,P53779
1568,P11021
1569,P48651
1570,P11137
1571,P15309
1572,P19367
1573,P63000
1574,P16070
1575,P19320
1576,P08254
1577,Q16873
1578,P07900
1579,P14210
1580,O75762
1581,P16870
1582,Q08345
1583,P08697
1584,P01100
1585,P17252
1586,P36969
1587,P19438
1588,P02774
1589,P48061
1590,O14920
1591,P05106
1592,P98170
1593,O60603
1594,P45844
1595,P78559
1596,P31751
1597,P63104
1598,P14410
1599,P04271
1600,P13726
1601,P30086
1602,P22894
1603,P14735
1604,P15559
1605,Q08257
1606,O15439
1607,P28161
1608,P08842
1609,P06744
1610,P08100
1611,P22455
1612,P80511
1613,P05113
1614,P68400
1615,P02743
1616,P31939
1617,Q10588
1618,Q9P2W7
1619,O75874
1620,P68363
1621,Q06187
1622,Q08499
1623,Q9NP99
1624,P43403
1625,P43405
1626,P17931
1627,P68371
1628,P49137
1629,P36959
1630,P68366
1631,P30405
1632,P08631
1633,P50579
1634,P35030
1635,Q92876
1636,P55055
1637,P06132
1638,P14555
1639,P25774
1640,Q9Y286
1641,Q9Y5Y6
1642,P00751
1643,P30305
1644,P53355
1645,Q9HAN9
1646,P49759
1647,Q16775
1648,P55210
1649,P00746
1650,P52732
1651,P37173
1652,Q05315
1653,P08238
1654,P51161
1655,Q16881
1656,O00408
1657,P00736
1658,P02745
1659,P08637
1660,P12318
1661,P11047
1662,P25391
1663,P27797
1664,Q07954
1665,P13727
1666,P32927
1667,P34741
1668,P06400
1669,P29120
1670,Q16270
1671,P02461
1672,P11362
1673,P22607
1674,P07711
1675,P23763
1676,P63027
1677,Q01362
1678,P35237
1679,P09486
1680,P48147
1681,Q6ZQY3
1682,O14939
1683,P06276
1684,Q13393
1685,Q9HBH1
1686,P50750
1687,P11802
1688,P21452
1689,Q7L266
1690,Q07075
1691,Q9H4Y5
1692,Q9NY59
1693,Q6IB77
1694,Q9ULC6
1695,Q9Y2J8
1696,P67775
1697,P23284
1698,P45877
1699,Q96I59
1700,P36544
1701,P49721
1702,P10635
1703,P16435
1704,Q13547
1705,O15379
1706,Q16665
1707,P43115
1708,P20292
1709,O00459
1710,Q92569
1711,P42345
1712,P41231
1713,P08865
1714,O14672
1715,O60674
1716,Q13093
1717,P43490
1718,Q05655
1719,P24394
1720,P05177
1721,P35225
1722,P03952
1723,P32320
1724,Q01726
1725,O14746
1726,P05155
1727,Q5T4S7
1728,Q96EB6
1729,P07237
1730,P21796
1731,P10147
1732,Q15185
1733,P04141
1734,P42768
1735,P08684
1736,P23141
1737,P11712
1738,P08887
1739,P51687
1740,P80075
1741,P06703
1742,Q6UWP2
1743,P15531
1744,Q16698
1745,O76083
1746,P49763
1747,Q9Y691
1748,P15086
1749,P22392
1750,P07998
1751,Q03721
1752,Q16769
1753,P78368
1754,P30291
1755,P07384
1756,Q13285
1757,Q9NXA8
1758,P35625
1759,Q86VB7
1760,P48357
1761,O96017
1762,O14757
1763,P05305
1764,P41597
1765,Q9NNW7
1766,P51671
1767,P05067
1768,Q96BI3
1769,Q9NZ42
1770,Q13443
1771,P43235
1772,P55786
1773,Q92843
1774,P50052
1775,Q02156
1776,P04792
1777,O14793
1778,Q15116
1779,Q99527
1780,Q9H6X2
1781,P02647
1782,Q14790
1783,Q14956
1784,O43174
1785,P04439
1786,P40933
1787,P01308
1788,P01127
1789,P15391
1790,P53420
1791,P15941
1792,P15169
1793,Q07820
1794,P49674
1795,P30411
1796,Q00613
1797,Q96QU6
1798,P11597
1799,O14788
1800,Q9NR97
1801,P56524
1802,P30874
1803,P32745
1804,P33261
1805,P05108
1806,P22309
1807,P25024
1808,P52209
1809,P05556
1810,P06756
1811,Q9NRF9
1812,P11717
1813,Q12908
1814,Q8TCC7
1815,P19652
1816,P09237
1817,P50281
1818,Q9Y5R2
1819,P11474
1820,Q8NEB9
1821,Q08462
1822,Q13526
1823,P48552
1824,P53350
1825,P30153
1826,P78536
1827,P17612
1828,P13051
1829,P45984
1830,Q99933
1831,P11142
1832,Q13133
1833,P36897
1834,Q9UQF2
1835,P42892
1836,P62136
1837,P21281
1838,Q15078
1839,P61313
1840,O75460
1841,P25705
1842,P06576
1843,P60174
1844,Q14994
1845,Q15118
1846,P28072
1847,P09466
1848,Q9Y6M4
1849,Q494W8
1850,P00414
1851,P20674
1852,P10176
1853,P14854
1854,P04054
1855,Q13627
1856,P41235
1857,P98155
1858,P0CG48
1859,O00141
1860,P14920
1861,P29597
1862,P08758
1863,P49862
1864,P06396
1865,Q14494
1866,P23528
1867,O75116
1868,P06731
1869,Q08209
1870,P15151
1871,P61160
1872,P13639
1873,P05187
1874,P07948
1875,P78362
1876,Q8IU85
1877,O00182
1878,P09848
1879,Q9NWZ3
1880,Q92793
1881,O14792
1882,O43612
1883,Q15796
1884,P04179
1885,O75390
1886,P08670
1887,P20472
1888,P22694
1889,Q8IWL2
1890,P11226
1891,P51149
1892,P04053
1893,P17600
1894,P63096
1895,P20645
1896,Q99798
1897,P10600
1898,Q14643
1899,P78352
1900,P48735
1901,P68104
1902,P62837
1903,P20339
1904,P50897
1905,Q9NTG7
1906,P29323
1907,P09104
1908,P62166
1909,P62491
1910,P62826
1911,P0CG47
1912,O14874
1913,P55072
1914,Q92993
1915,O60493
1916,P55789
1917,P78330
1918,Q01082
1919,Q13838
1920,P13611
1921,P60953
1922,Q9BVM4
1923,Q96QT4
1924,Q9UL54
1925,Q9Y6B6
1926,P41091
1927,Q9Y646
1928,P30041
1929,P31327
1930,P00748
1931,P54219
1932,P0C0L4
1933,P0C0L5
1934,Q9UQQ2
1935,Q14721
1936,P28065
1937,P42685
1938,P11274
1939,P36507
1940,P31639
1941,Q14145
1942,Q15303
1943,Q7RTT9
1944,P48065
1945,P02795
1946,P13762
1947,Q30154
1948,Q9HAB3
1949,Q13315
1950,O00264
1951,P04839
1952,P14598
1953,P15153
1954,Q9H2S1
1955,P54646
1956,Q14571
1957,Q14573
1958,Q9NP56
1959,O95263
1960,P15336
1961,P18848
1962,P18850
1963,Q07021
1964,Q6UX15
1965,P98066
1966,P10599
1967,P60709
1968,P63261
1969,P05090
1970,Q15493
1971,Q92736
1972,P28907
1973,P17676
1974,P60484
1975,P49908
1976,Q04206
1977,P09936
1978,P25713
1979,Q8TDU6
1980,Q99571
1981,P06733
1982,P29590
1983,O14618
1984,Q14978
1985,O60502
1986,Q06830
1987,O43614
1988,Q8NBP7
1989,Q99828
1990,P13693
1991,P28676
1992,P0DP24
1993,P0DP25
1994,P22676
1995,Q86UW7
1996,P02655
1997,P02656
1998,P29372
1999,P05109
2000,P10809
2001,P22626
2002,P23246
2003,P31948
2004,P60842
2005,P04155
2006,Q96RI0
2007,P06702
2008,O15350
2009,P12644
2010,Q99623
2011,P53805
2012,P38936
2013,Q14457
2014,P54652
2015,P61978
2016,P34932
2017,Q92598
2018,P60903
2019,P09493
2020,P54578
2021,P12004
2022,P02748
2023,P08603
2024,P05156
2025,P10909
2026,P45973
2027,P36955
2028,P05160
2029,Q14624
2030,P02533
2031,P01011
2032,P51693
2033,Q06481
2034,Q92945
2035,P48047
2036,Q5SSJ5
2037,P06748
2038,P62753
2039,Q07955
2040,Q02083
2041,Q9HBA0
2042,P35579
2043,P31391
2044,P22897
2045,Q9UHD2
2046,Q13470
2047,Q06418
2048,Q2M2I8
2049,Q96RR4
2050,O14578
2051,P49760
2052,Q9UIK4
2053,P19525
2054,Q9P2K8
2055,P21709
2056,P54764
2057,P07332
2058,P49840
2059,P14616
2060,P51617
2061,P46734
2062,Q02779
2063,Q12852
2064,Q13164
2065,Q8IW41
2066,Q7KZI7
2067,P27448
2068,Q96L34
2069,O75914
2070,Q9NYY3
2071,Q13546
2072,P08922
2073,O75716
2074,P01350
2075,Q15910
2076,Q8IXJ6
2077,P35232
2078,Q86YN6
2079,P51575
2080,Q9UBL9
2081,P56373
2082,Q93086
2083,O15547
2084,Q99572
2085,P47900
2086,P51582
2087,Q9Y6H6
2088,Q9UQ05
2089,Q96L42
2090,P04114
2091,P52824
2092,Q13574
2093,Q13488
2094,P61421
2095,O15342
2096,P36543
2097,Q9UI12
2098,P49662
2099,P20702
2100,P23634
2101,P16278
2102,P0CG30
2103,Q9UBC3
2104,Q9NRA0
2105,P21802
2106,P12259
2107,P00742
2108,P02671
2109,P10646
2110,P05120
2111,P07359
2112,P02776
2113,P07204
2114,P16109
2115,Q9UNN8
2116,P07355
2117,P02749
2118,Q96IY4
2119,P40238
2120,P61769
2121,P15813
2122,P07202
2123,Q13509
2124,Q9BUF5
2125,P54762
2126,Q9BQB4
2127,P42357
2128,P21695
2129,P08514
2130,P48048
2131,P02818
2132,P12931
2133,P21462
2134,P20594
2135,P13945
2136,P10153
2137,P04745
2138,P04075
2139,P17342
2140,Q02763
2141,Q5NUL3
2142,Q96RD7
2143,P12883
2144,P51003
2145,P13498
2146,Q16558
2147,P36956
2148,P08493
2149,P30626
2150,Q99653
2151,Q9NZD4
2152,Q15238
2153,Q13219
2154,P81605
2155,P63252
2156,P00451
2157,Q9UBM7
2158,P10515
2159,P00492
2160,P31358
2161,P13688
2162,P25021
2163,P08700
2164,Q9H3N8
2165,P36888
2166,O43175
2167,P20273
2168,Q15046
2169,P54577
2170,P55157
2171,Q15758
2172,P10745
2173,P00915
2174,P07766
2175,P49915
2176,P16471
2177,O00555
2178,P48029
2179,Q02127
2180,P35367
2181,P13612
2182,Q9UKU7
2183,O43776
2184,P15056
2185,Q9NS40
2186,P06729
2187,Q9H015
2188,P16234
2189,Q7Z4W1
2190,P51692
2191,P30044
2192,P12724
2193,P35270
2194,P24158
2195,P11387
2196,O14965
2197,Q9Y275
2198,Q00987
2199,Q9Y6L6
2200,P35557
2201,P01374
2202,P14625
2203,Q96C86
2204,Q13370
2205,P11309
2206,Q08881
2207,P41240
2208,Q04759
2209,P09871
2210,P23526
2211,P07477
2212,O60911
2213,P31994
2214,P68133
2215,P31785
2216,P07942
2217,P01906
2218,Q96KS0
2219,Q9GZT9
2220,P49336
2221,Q07973
2222,Q9BXA5
2223,P78527
2224,Q9Y6K9
2225,P51686
2226,P26196
2227,Q92831
2228,Q9HB21
2229,Q9Y689
2230,Q13233
2231,P09693
2232,P20963
2233,Q9Y6Q6
2234,Q07011
2235,P25963
2236,P28908
2237,P01730
2238,P52333
2239,P17813
2240,P25092
2241,Q16706
2242,Q12884
2243,P35408
2244,Q8WUI4
2245,P35218
2246,P23280
2247,Q9H239
2248,Q9UNI1
2249,P24666
2250,P62829
2251,P60900
2252,Q9HCD5
2253,P01116
2254,P16112
2255,P60981
2256,Q12866
2257,Q96GR2
2258,O94768
2259,Q9BY32
2260,P13929
2261,P29508
2262,P09382
2263,P20823
2264,P19883
2265,Q92830
2266,P00973
2267,Q9BZZ2
2268,Q15382
2269,Q99873
2270,O00187
2271,P22001
2272,P40306
2273,P28062
2274,P79483
2275,P08686
2276,O95644
2277,P19878
2278,Q15080
2279,O95718
2280,Q96G91
2281,Q9HC97
2282,O75880
2283,P21453
2284,Q96DB2
2285,O14958
2286,P31415
2287,Q06323
2288,Q8TCT9
2289,Q9UJU2
2290,P39748
2291,P00846
2292,P61604
2293,Q969G3
2294,P06753
2295,P04264
2296,P13645
2297,P20851
2298,Q9ULY5
2299,Q14103
2300,P39019
2301,P17844
2302,Q9HC29
2303,Q92911
2304,Q13188
2305,Q15208
2306,Q7L7X3
2307,Q9BXA7
2308,P30530
2309,P51451
2310,Q92918
2311,Q8IVH8
2312,Q8N4C8
2313,Q13177
2314,Q16513
2315,O43353
2316,P51679
2317,Q9Y6K1
2318,P02790
2319,P21860
2320,Q05209
2321,P29350
2322,P21549
2323,P13647
2324,P51172
2325,Q12882
2326,P16455
2327,P39900
2328,P42126
2329,Q02880
2330,P08729
2331,Q9NWT6
2332,Q03403
2333,P0CG29
2334,Q96I15
2335,P31025
2336,P56537
2337,Q9NRH2
2338,O43246
2339,Q9NS75
2340,P00367
2341,O14727
2342,Q14626
2343,P38484
2344,O14561
2345,P15509
2346,P00966
2347,Q8NFJ5
2348,Q9Y271
2349,P15260
2350,P49448
2351,P17812
2352,P49888
2353,P27824
2354,P26951
2355,P23946
2356,Q4U2R8
2357,P24941
2358,P04183
2359,Q96RI1
2360,P22749
2361,P05154
2362,P21912
2363,Q2M3G0
2364,Q06609
2365,P27707
2366,Q05397
2367,Q01064
2368,P21926
2369,Q92934
2370,O14763
2371,P06734
2372,Q07817
2373,P04798
2374,P24462
2375,P63092
2376,Q13362
2377,P33981
2378,Q8IVS2
2379,P62913
2380,Q9UKQ2
2381,Q9NPH2
2382,P49411
2383,Q92637
2384,O75330
2385,Q14542
2386,Q9UP52
2387,Q9Y2D1
2388,P62736
2389,O75340
2390,P04279
2391,Q969S8
2392,P14866
2393,Q6FHJ7
2394,P27635
2395,Q16518
2396,O75533
2397,Q9NSY1
2398,P29320
2399,O15197
2400,O95835
2401,Q16584
2402,Q14680
2403,O00750
2404,P40259
2405,O14980
2406,Q92800
2407,Q02223
2408,Q13423
2409,P26439
2410,P07195
2411,Q02809
2412,Q12809
2413,Q16647
2414,Q04828
2415,P30968
2416,P10826
2417,P15291
2418,Q9Y666
2419,Q99624
2420,Q00796
2421,P23921
2422,P08620
2423,P19801
2424,P48551
2425,Q96Q40
2426,P30872
2427,P30049
2428,P43155
2429,Q9P0J0
2430,P68871
2431,P49788
2432,P36896
2433,Q14654
2434,P11388
2435,Q9NUB1
2436,P40261
2437,P32929
2438,P18283
2439,Q14833
2440,P29317
2441,P50225
2442,P47929
2443,O94956
2444,Q16678
2445,P22061
2446,P48745
2447,Q9UKM7
2448,Q9BZX2
2449,Q9BY41
2450,P51512
2451,P49789
2452,P36952
2453,P24557
2454,P50613
2455,O00469
2456,P19971
2457,Q6NS38
2458,Q8IVL5
2459,Q00534
2460,Q96Q83
2461,P08263
2462,Q9HBH5
2463,P62714
2464,Q16206
2465,Q16790
2466,P16422
2467,P31350
2468,P54760
2469,P48060
2470,Q9BUP3
2471,P31949
2472,P53041
2473,Q14541
2474,P12429
2475,O15169
2476,Q96GD4
2477,P01563
2478,Q01344
2479,P27816
2480,Q9NPC1
2481,O60656
2482,Q06278
2483,Q9UN88
2484,Q9NPD5
2485,P09238
2486,P24347
2487,O75900
2488,Q15788
2489,P20248
2490,P31151
2491,O43293
2492,P63151
2493,Q16877
2494,Q00536
2495,P07737
2496,P59998
2497,Q16654
2498,P19105
2499,P26447
2500,O60218
2501,Q15648
2502,P11172
2503,P19622
2504,O14594
2505,P11233
2506,Q13882
2507,P49765
2508,P53667
2509,P04731
2510,P18847
2511,Q9HBK9
2512,Q9Y5S8
2513,Q9NY56
2514,P04732
2515,P80297
2516,O75838
2517,Q96FQ6
2518,P12814
2519,P51858
2520,P18669
2521,P31260
2522,P08648
2523,P52597
2524,P00739
2525,P35527
2526,P51884
2527,P14923
2528,P08779
2529,P37802
2530,Q9Y5S1
2531,Q01995
2532,P55073
2533,Q9UKI8
2534,O75385
2535,O15075
2536,Q9H2X6
2537,Q9UPZ9
2538,P53671
2539,Q8TD08
2540,Q04912
2541,Q15746
2542,O60285
2543,Q9H093
2544,Q9P286
2545,Q92482
2546,Q99814
2547,Q96NY8
2548,Q99500
2549,P09758
2550,Q9Y4W6
2551,P49588
2552,P08559
2553,P19634
2554,P00439
2555,Q09470
2556,P54886
2557,P10253
2558,P22557
2559,O95831
2560,Q9UQD0
2561,Q6PI48
2562,Q9GZR5
2563,Q5JTZ9
2564,Q9NY47
2565,Q96KG9
2566,Q13885
2567,Q9UK17
2568,P35219
2569,Q03426
2570,P16389
2571,P22460
2572,P17658
2573,P48547
2574,Q96PR1
2575,Q14003
2576,Q9H8P0
2577,P05129
2578,P78508
2579,P50993
2580,P13637
2581,Q9NYL2
2582,P04080
2583,Q9NYP7
2584,Q8NI60
2585,Q16512
2586,Q01814
2587,Q16720
2588,P37059
2589,Q9P0X4
2590,P12319
2591,P35626
2592,P30613
2593,P13674
2594,P49591
2595,O15496
2596,Q9HCC0
2597,P02792
2598,Q969P6
2599,Q9Y289
2600,P11177
2601,Q9BYZ2
2602,Q9UHW9
2603,P13631
2604,P21918
2605,P07864
2606,O00180
2607,P50747
2608,P00387
2609,P48506
2610,O15403
2611,Q02338
2612,P31040
2613,P36021
2614,P23786
2615,Q9NVS9
2616,P37088
2617,O75489
2618,P03897
2619,Q14524
2620,P30825
2621,P98194
2622,P08243
2623,P32322
2624,P20061
2625,P29275
2626,P49902
2627,Q04771
2628,P13995
2629,Q96GD0
2630,O43676
2631,P34897
2632,O75251
2633,P10828
2634,Q16798
2635,P08709
2636,P18825
2637,O95479
2638,P54368
2639,Q14749
2640,P49069
2641,P00505
2642,Q16719
2643,O15554
2644,Q9UN76
2645,P10398
2646,P42684
2647,P10721
2648,P32754
2649,P22413
2650,O43181
2651,P54687
2652,P34903
2653,Q12797
2654,P17174
2655,Q7Z2H8
2656,P16066
2657,P52569
2658,Q16878
2659,P45954
2660,P03915
2661,P47895
2662,Q9Y6M9
2663,P06126
2664,P43088
2665,P12236
2666,Q02643
2667,P30085
2668,P33121
2669,O60701
2670,P41439
2671,Q13630
2672,Q16671
2673,P48443
2674,P05141
2675,P25100
2676,P30838
2677,O15382
2678,P12268
2679,P15538
2680,P15121
2681,P21731
2682,P20839
2683,Q07912
2684,O95470
2685,Q03013
2686,P22352
2687,Q13002
2688,P49019
2689,O95180
2690,O60427
2691,P49747
2692,P11217
2693,P02775
2694,P16860
2695,O60488
2696,P41250
2697,P63316
2698,P48549
2699,P22830
2700,Q96RJ0
2701,P11168
2702,P04004
2703,P06870
2704,Q13126
2705,P16444
2706,P00167
2707,P07602
2708,Q7Z2W7
2709,O15530
2710,Q9BWD1
2711,Q9BQE3
2712,Q9Y663
2713,P23677
2714,O43570
2715,P51151
2716,P11310
2717,P10114
2718,Q99250
2719,Q9NY46
2720,O15230
2721,P05787
2722,P14543
2723,P05981
2724,P35346
2725,P11216
2726,P20711
2727,Q8TD30
2728,P09210
2729,Q32P28
2730,Q8IVL6
2731,Q8N543
2732,Q9H6Z9
2733,P22234
2734,Q8N142
2735,O15460
2736,Q9ULA0
2737,P46439
2738,P59796
2739,Q96SL4
2740,P23434
2741,Q14032
2742,Q9P0Z9
2743,Q6TGC4
2744,P23743
2745,O43272
2746,Q9UGM1
2747,P28074
2748,P50391
2749,Q14627
2750,P06280
2751,P09467
2752,Q8WXI7
2753,Q16831
2754,O14717
2755,P52848
2756,P53778
2757,O00244
2758,P54278
2759,P25311
2760,P10632
2761,Q96CD2
2762,P16152
2763,Q12756
2764,Q9Y468
2765,P58335
2766,P18085
2767,P16144
2768,Q7L5Y9
2769,Q8TDV5
2770,Q15759
2771,O15264
2772,Q9GZP0
2773,Q96AE4
2774,Q02224
2775,P04234
2776,Q13421
2777,Q969F8
2778,P27037
2779,P16615
2780,Q03431
2781,P05186
2782,P11678
2783,Q8IZS8
2784,P62745
2785,Q95460
2786,P33402
2787,Q9Y2I1
2788,Q9NPC2
2789,O00591
2790,P00709
2791,P29034
2792,P33260
2793,Q7LG56
2794,Q07864
2795,P07098
2796,Q9NS85
2797,O75493
2798,Q8N1Q1
2799,Q07699
2800,Q8IWT1
2801,O15440
2802,P51511
2803,Q9ULZ9
2804,Q8N119
2805,Q9NRE1
2806,P23258
2807,O60658
2808,Q9UNA0
2809,Q15596
2810,Q16651
2811,P15085
2812,Q9BVJ7
2813,Q13554
2814,Q14914
2815,P51955
2816,Q9UGN5
2817,Q9NQS7
2818,P84077
2819,P62750
2820,P62917
2821,P39023
2822,P08574
2823,P47985
2824,Q9UBT6
2825,P28838
2826,P30301
2827,P28070
2828,Q99436
2829,Q9HB40
2830,P19784
2831,P13073
2832,P10606
2833,P09669
2834,Q9UNK4
2835,Q9H2G2
2836,Q9Y6F1
2837,Q15375
2838,P04632
2839,Q969V6
2840,P62330
2841,O15143
2842,O15144
2843,Q15418
2844,P11684
2845,P35080
2846,P30419
2847,P55196
2848,Q86WA6
2849,P80192
2850,Q9HBL8
2851,Q9Y3I0
2852,Q99470
2853,P15170
2854,P00558
2855,P02144
2856,P22570
2857,P35749
2858,P35241
2859,P26572
2860,P21283
2861,P16930
2862,P50607
2863,Q9GZU7
2864,P61024
2865,P49368
2866,O75976
2867,P14621
2868,P62258
2869,O60264
2870,Q16613
2871,Q9UQB9
2872,P61587
2873,O75676
2874,Q99661
2875,O15111
2876,Q99835
2877,Q16832
2878,Q9Y2U5
2879,Q5XXA6
2880,P57059
2881,Q8WXA8
2882,Q9HB55
2883,P51812
2884,Q05513
2885,Q9Y698
2886,Q15878
2887,Q9UGJ0
2888,Q9UGI9
2889,Q96S86
2890,Q86UW8
2891,Q14520
2892,P62807
2893,O95259
2894,O00299
2895,P67870
2896,Q86T13
2897,P09769
2898,P54756
2899,Q9Y2T6
2900,Q969S2
2901,O95750
2902,P46663
2903,Q9UQL6
2904,P07438
2905,P04733
2906,P13640
2907,P80294
2908,Q8N339
2909,P35556
2910,P10589
2911,P09525
2912,P43652
2913,P30101
2914,P50453
2915,Q8N1G2
2916,Q9Y230
2917,Q15393
2918,Q9NR28
2919,P17980
2920,O43399
2921,P19823
2922,P35908
2923,P02750
2924,P46736
2925,Q86YZ3
2926,P02538
2927,P62241
2928,P46781
2929,Q15942
2930,P36894
2931,Q13873
2932,P20393
2933,Q14995
2934,Q9UK32
2935,Q9Y6E0
2936,Q9H2K8
2937,P35590
2938,Q86UE8
2939,Q9UKE5
2940,O00238
2941,Q14012
2942,Q00532
2943,Q9Y463
2944,Q9UF33
2945,Q14164
2946,Q9Y2K2
2947,O43283
2948,Q99759
2949,O95819
2950,Q9Y2H9
2951,P42679
2952,Q9BUB5
2953,Q9HBH9
2954,P51956
2955,Q6P3R8
2956,Q16288
2957,O96013
2958,Q9NQU5
2959,Q86V86
2960,Q8TBX8
2961,Q99640
2962,O00444
2963,Q13523
2964,Q9BRS2
2965,Q9H0K1
2966,P36404
2967,Q16659
2968,P41968
2969,Q9NPA2
2970,P53396
2971,O95977
2972,P04196
2973,P41238
2974,P20020
2975,Q9H2H9
2976,Q96QD8
2977,O75185
2978,Q16850
2979,Q9Y5Y9
2980,O95069
2981,P15382
2982,P54289
2983,P21817
2984,P35499
2985,P48544
2986,Q15842
2987,Q9NZV8
2988,Q9NY72
2989,Q09013
2990,Q13557
2991,P36871
2992,P46976
2993,P22459
2994,Q59H18
2995,P33032
2996,Q8TD43
2997,Q9Y6J6
2998,Q8WWG9
2999,Q8NFA2
3000,Q14894
3001,Q9UG56
3002,Q16787
3003,P02458
3004,O60568
3005,Q9NSE4
3006,P37268
3007,P51570
3008,P40429
3009,P32019
3010,P05062
3011,Q96L12
3012,O43526
3013,O43525
3014,Q9NR82
3015,Q9BQB6
3016,Q96PD7
3017,O14791
3018,Q96DP5
3019,P48764
3020,P54710
3021,P05543
3022,P61457
3023,Q12851
3024,Q9Y600
3025,P69905
3026,P08185
3027,Q9UDX4
3028,O75311
3029,P47871
3030,P51648
3031,O95865
3032,O60494
3033,P49366
3034,P02675
3035,P10768
3036,P04746
3037,P26010
3038,Q9ULX7
3039,Q9UJT0
3040,P25788
3041,P09668
3042,Q96SW2
3043,Q9UHF0
3044,Q9Y616
3045,Q15800
3046,Q9BYV1
3047,Q15031
3048,Q02252
3049,P40939
3050,P47872
3051,P37058
3052,P0DMS8
3053,Q16836
3054,P54802
3055,P41595
3056,Q8TE23
3057,O15269
3058,P43353
3059,Q7RTX0
3060,P48163
3061,P16233
3062,O00763
3063,P06732
3064,P14868
3065,P51788
3066,O15217
3067,Q9Y2Q0
3068,P35247
3069,P17213
3070,P00568
3071,P16519
3072,O95838
3073,Q8TCT1
3074,P55809
3075,O00341
3076,O14880
3077,P35754
3078,Q16760
3079,O43766
3080,P54284
3081,Q01668
3082,Q96FI4
3083,P20807
3084,P17538
3085,P19099
3086,Q9Y5Y4
3087,Q13332
3088,P23467
3089,O14983
3090,P04118
3091,O14818
3092,P24310
3093,Q9Y6Y9
3094,Q15119
3095,Q13555
3096,Q16762
3097,P09110
3098,Q9UL51
3099,Q96S37
3100,Q01118
3101,Q99712
3102,O43741
3103,P48050
3104,Q92806
3105,P25105
3106,Q02818
3107,P23276
3108,O00303
3109,P67936
3110,O75636
3111,P50914
3112,Q15637
3113,Q9H422
3114,Q9Y4K4
3115,O15146
3116,O75747
3117,Q9Y6T7
3118,P48728
3119,P78348
3120,P43007
3121,P59768
3122,Q16348
3123,P20231
3124,P49356
3125,Q9NQ25
3126,P46597
3127,Q8N8N7
3128,Q15661
3129,Q92696
3130,P53611
3131,Q9NPJ3
3132,Q14697
3133,Q7Z5B4
3134,P07498
3135,Q9BQI3
3136,P07478
3137,P04350
3138,P50440
3139,O15399
3140,Q9UHI5
3141,O14732
3142,Q14123
3143,P31942
3144,Q13237
3145,Q08188
3146,O14936
3147,Q9P2E9
3148,P41743
3149,P52564
3150,P27449
3151,Q14432
3152,Q92953
3153,P31995
3154,P49257
3155,Q8NI22
3156,Q86U10
3157,P02679
3158,P51168
3159,O00764
3160,O95139
3161,P49821
3162,P05165
3163,P28331
3164,O43678
3165,O43837
3166,P35368
3167,P30043
3168,P23378
3169,P51164
3170,Q16772
3171,P10696
3172,Q15858
3173,P49773
3174,Q9UBX1
3175,Q14376
3176,P05452
3177,Q9BY66
3178,O14521
3179,Q99643
3180,Q5T601
3181,P09012
3182,Q9Y3R4
3183,P05162
3184,P38606
3185,P25786
3186,P11488
3187,Q9P289
3188,P61158
3189,Q15120
3190,P17544
3191,P48723
3192,Q07020
3193,P62277
3194,Q9BYT3
3195,P51813
3196,Q92772
3197,Q8N8Y2
3198,P10620
3199,O95363
3200,O60547
3201,Q9ULU8
3202,Q99829
3203,P50213
3204,Q16602
3205,Q15274
3206,P05023
3207,Q08493
3208,Q99542
3209,Q9UHY7
3210,O00217
3211,O75746
3212,P38435
3213,Q9UN19
3214,Q96LZ3
3215,O75936
3216,P20618
3217,P45880
3218,O95749
3219,P49720
3220,Q6UWM7
3221,Q6NVY1
3222,P31323
3223,P49190
3224,P10915
3225,Q14872
3226,P31946
3227,P27348
3228,P29622
3229,P19827
3230,Q9C098
3231,Q9H2X9
3232,O15239
3233,P55011
3234,Q13621
3235,Q8N5Z0
3236,Q16478
3237,P34096
3238,P48664
3239,O75899
3240,Q9H228
3241,P63208
3242,Q96PY6
3243,P52429
3244,Q16773
3245,P28221
3246,Q9NYX4
3247,Q8N9I0
3248,Q6YP21
3249,Q9NXG6
3250,Q08289
3251,Q15825
3252,Q96MA6
3253,P47898
3254,Q8TCG2
3255,Q06033
3256,Q9ULD8
3257,Q86XP1
3258,P51170
3259,P49189
3260,Q03154
3261,P22748
3262,O60664
3263,P46059
3264,O95255
3265,P35243
3266,Q8NFW8
3267,Q9UEW8
3268,P37288
3269,Q02928
3270,O60894
3271,P51800
3272,P09958
3273,P18846
3274,O95747
3275,P09417
3276,Q13698
3277,Q6WRI0
3278,Q9Y2Z4
3279,P43119
3280,Q9HCR9
3281,P14649
3282,Q8WY07
3283,O43704
3284,P22792
3285,Q96RQ9
3286,P30273
3287,P33316
3288,P02746
3289,P02747
3290,Q6IA69
3291,Q5JPH6
3292,P28066
3293,Q9UM01
3294,P01591
3295,P29376
3296,Q52WX2
3297,Q9UEE5
3298,O95670
3299,Q99584
3300,P09884
3301,P16219
3302,Q16134
3303,Q7Z406
3304,P15259
3305,O00142
3306,Q8IYT8
3307,P26639
3308,Q70Z44
3309,A5X5Y0
3310,P51649
3311,Q14353
3312,P55263
3313,P56696
3314,Q9Y296
3315,P48066
3316,Q9NSD5
3317,Q8NEV4
3318,P15313
3319,Q12965
3320,P47944
3321,Q96D53
3322,Q9H252
3323,Q9NSA0
3324,P25815
3325,P25787
3326,Q9Y4I5
3327,P46782
3328,O75348
3329,Q9NR33
3330,O60939
3331,P19404
3332,P07814
3333,Q08426
3334,O43681
3335,Q71U36
3336,Q96LB9
3337,P13861
3338,Q99705
3339,P07919
3340,O15145
3341,Q96PD5
3342,Q9UF02
3343,P29973
3344,Q8TF61
3345,Q04917
3346,Q8TDR2
3347,O14976
3348,Q92781
3349,P49247
3350,P16591
3351,P03923
3352,Q969G6
3353,O95178
3354,P23919
3355,O00204
3356,P09960
3357,Q8WVQ1
3358,O60513
3359,Q9UJ70
3360,Q969I3
3361,Q8NBQ5
3362,P78334
3363,Q9UJM8
3364,P84098
3365,Q01581
3366,O75521
3367,Q8WWQ8
3368,Q13938
3369,P15880
3370,P31943
3371,Q9UEW3
3372,P21291
3373,O15393
3374,P26640
3375,Q9Y285
3376,O75380
3377,P07437
3378,P23368
3379,O43674
3380,P08173
3381,P05166
3382,P48507
3383,P23416
3384,Q00975
3385,P30520
3386,Q16774
3387,O60840
3388,Q86US8
3389,O43617
3390,Q9BVA1
3391,O14764
3392,P61927
3393,P36542
3394,P02689
3395,Q86VU5
3396,P36405
3397,P02708
3398,Q9UBN1
3399,Q9BXT2
3400,Q8WXS5
3401,P10412
3402,P43487
3403,Q6V0L0
3404,Q9NR63
3405,P04217
3406,P31152
3407,P51957
3408,Q9BQ31
3409,O75912
3410,Q96A05
3411,P23415
3412,Q96T66
3413,Q15750
3414,Q75N90
3415,Q6ZN16
3416,P05546
3417,Q9H4B7
3418,Q6PHW0
3419,Q9Y619
3420,P53609
3421,Q14330
3422,Q9UJT1
3423,Q9BZV3
3424,Q9H1R3
3425,P42681
3426,Q32MK0
3427,P0DJD9
3428,Q7L3T8
3429,Q9NY65
3430,Q9NXE4
3431,Q9NRX3
3432,Q9UKG9
3433,O75600
3434,Q14181
3435,O75306
3436,Q8N0U8
3437,Q99418
3438,P55769
3439,P25789
3440,P54819
3441,Q8N907
3442,Q8N5S9
3443,Q969I6
3444,P17050
3445,Q9NVH6
3446,Q9BXJ7
3447,Q05932
3448,Q6UWN8
3449,Q9Y266
3450,Q86VZ1
3451,Q96ER9
3452,Q9Y234
3453,Q9UJS0
3454,Q9HD40
3455,Q9BW92
3456,P14770
3457,Q9NZK7
3458,O43169
3459,Q5JVS0
3460,O95298
3461,Q02641
3462,P52961
3463,P07686
3464,Q9NZD2
3465,Q9ULW8
3466,Q9Y277
3467,Q9UHQ9
3468,O15304
3469,P62269
3470,Q6IQ20
3471,P48729
3472,O14735
3473,P07451
3474,O15511
3475,P22314
3476,Q9UHC3
3477,O15375
3478,O75911
3479,O60882
3480,Q9H169
3481,Q86W47
3482,Q8NEY4
3483,Q9NSD9
3484,Q9UDW1
3485,O60896
3486,P49619
3487,P23469
3488,P22695
3489,P15954
3490,P19961
3491,Q0VD83
3492,P47775
3493,Q99677
3494,P48167
3495,O94903
3496,Q8NCM2
3497,Q8TDN2
3498,Q14722
3499,Q13303
3500,Q96NR8
3501,P43080
3502,Q8N8R3
3503,P12532
3504,P26440
3505,P17540
3506,Q9UP95
3507,P36873
3508,Q15075
3509,P49354
3510,P08048
3511,O43252
3512,P14927
3513,P24311
3514,Q460N3
3515,Q9Y6I3
3516,Q96BH3
3517,Q9NYQ3
3518,Q8NG66
3519,P35913
3520,Q8WYK2
3521,Q9NRP7
3522,Q9Y2H1
3523,Q6PHR2
3524,Q8TD19
3525,P78356
3526,O14730
3527,Q9H3Y6
3528,Q9BPV8
3529,Q93050
3530,P54750
3531,Q9HBG4
3532,Q14565
3533,O14949
3534,P34981
3535,Q99884
3536,O60678
3537,Q03393
3538,Q86YB8
3539,O94804
3540,Q8IUZ5
3541,Q96NX5
3542,Q92952
3543,Q15155
3544,Q9P2N6
3545,Q56UN5
3546,Q15391
3547,Q92947
3548,Q5KSL6
3549,P43166
3550,P21430
3551,P08909
3552,A0A024R8I1
3553,Q99870
3554,Q72874
3555,P51160
3556,P16499
3557,P02918
3558,P02919
3559,P76577
3560,P0AD65
3561,P0AD68
3562,P08149
3563,Q60FT7
3564,H3BUU9
3565,Q8MU52
3566,P43702
3567,P43700
3568,P0AES4
3569,P0C1U9
3570,Q59192
3571,P05653
3572,C3T8E2
3573,B4YQT9
3574,P20831
3575,P56282
3576,P10613
3577,Q8IVH4
3578,Q9Y4U1
3579,Q96P88
3580,Q5T1J1
3581,Q06432
3582,Q14500
3583,O60359
3584,P62955
3585,Q7Z3S7
3586,O43193
3587,Q9GZZ6
3588,P02585
3589,P51857
3590,P12461
3591,A9X444
3592,P33673
3593,P00720
3594,P53608
3595,Q9Y257
3596,O43519
3597,P50859
3598,Q693P7
3599,Q23022
3600,Q9N587
3601,Q27218
3602,P48181
3603,Q5JXX5
3604,P9WJI5
3605,Q9NPA1
3606,Q16322
3607,Q9NSA2
3608,Q9UJ90
3609,Q9H3M0
3610,Q9UIX4
3611,Q9UJ96
3612,Q8TAE7
3613,Q8TDN1
3614,Q96KK3
3615,Q6PIU1
3616,Q9UNX9
3617,Q8TET4
3618,P0A7X3
3619,P0A7V8
3620,Q51911
3621,P83812
3622,Q9X1H9
3623,O00398
3624,P0AFU8
3625,P18545
3626,Q13956
3627,Q89ZI2
3628,P02359
3629,P0AG59
3630,P0A7V3
3631,P0A7W7
3632,P0A7U3
3633,C9EH48
3634,Q9Y4R7
3635,P0ABQ4
3636,Q8XB74
3637,P00378
3638,Q9BTZ2
3639,Q8NBN7
3640,Q6NUM9
3641,Q8TC12
3642,Q9NYR8
3643,Q9UDX3
3644,O67135
3645,Q9Y2D0
