disease,protein
289,357
289,358
289,221
289,359
289,360
289,361
289,362
289,363
289,319
289,192
289,364
289,365
289,366
289,367
289,368
289,318
289,241
289,240
289,117
289,369
289,370
289,371
289,372
289,373
289,374
289,375
289,376
289,377
289,378
289,379
289,380
289,381
289,382
289,383
289,29
289,384
289,385
289,386
289,387
289,52
289,388
289,389
289,390
289,10
289,391
289,392
289,393
289,394
289,395
289,396
289,397
289,398
289,64
289,125
289,399
289,400
289,401
289,402
289,403
289,404
289,337
289,405
289,406
289,407
289,408
289,409
289,410
289,213
289,411
289,330
289,412
289,413
289,414
289,415
289,416
289,417
289,418
191,357
191,419
191,81
191,48
191,420
191,421
191,352
191,422
191,423
191,424
191,252
191,425
191,426
191,427
191,319
191,428
191,429
191,191
191,430
191,431
191,432
191,111
191,55
191,219
191,220
191,105
191,433
191,434
191,435
191,38
191,30
191,248
191,146
191,51
191,149
191,148
191,147
191,436
191,99
191,302
191,187
191,437
191,438
191,439
191,159
191,440
191,441
191,442
191,11
191,443
191,444
191,445
191,446
191,447
191,448
191,177
191,449
191,450
191,451
191,452
191,28
191,453
191,454
191,134
191,131
191,133
191,140
191,141
191,455
191,456
191,457
191,380
191,458
191,459
191,460
191,385
191,53
191,52
191,461
191,176
191,8
191,10
191,462
191,463
191,464
191,394
191,465
191,466
191,467
191,468
191,120
191,119
191,396
191,469
191,470
191,471
191,17
191,472
191,473
191,474
191,345
191,253
191,475
191,476
191,477
191,478
191,479
191,125
191,480
191,481
191,482
191,483
191,484
191,485
191,486
191,487
191,488
191,42
191,41
191,40
191,489
191,311
191,403
191,405
191,490
191,333
191,491
191,492
191,408
191,493
191,494
191,495
191,104
191,330
191,496
191,497
191,498
191,499
191,500
191,501
191,502
191,503
191,504
178,357
178,358
178,421
178,505
178,422
178,506
178,507
178,508
178,509
178,112
178,219
178,220
178,510
178,511
178,512
178,366
178,513
178,368
178,31
178,514
178,515
178,370
178,516
178,302
178,437
178,189
178,517
178,86
178,518
178,519
178,458
178,520
178,521
178,522
178,523
178,524
178,525
178,526
178,527
178,528
178,250
178,481
178,529
178,404
178,530
178,491
178,531
178,494
178,330
178,532
178,533
313,357
313,534
313,535
313,0
313,358
313,536
313,81
313,44
313,421
313,422
313,537
313,538
313,252
313,280
313,539
313,540
313,424
313,425
313,382
313,541
313,542
313,543
313,365
313,21
313,219
313,510
313,511
313,512
313,544
313,545
313,367
313,343
313,435
313,513
313,546
313,31
313,547
313,304
313,548
313,436
313,549
313,550
313,516
313,302
313,551
313,552
313,553
313,554
313,517
313,442
313,555
313,556
313,446
313,557
313,558
313,451
313,518
313,453
313,559
313,519
313,455
313,378
313,456
313,380
313,560
313,460
313,561
313,562
313,563
313,564
313,565
313,566
313,567
313,520
313,521
313,568
313,385
313,386
313,569
313,570
313,571
313,572
313,388
313,573
313,574
313,523
313,390
313,575
313,392
313,524
313,576
313,394
313,465
313,359
313,577
313,344
313,185
313,17
313,578
313,250
313,579
313,474
313,580
313,476
313,124
313,125
313,581
313,399
313,582
313,483
313,529
313,583
313,404
313,406
313,491
313,407
313,584
313,585
313,332
313,408
313,410
313,330
313,532
313,127
313,586
313,313
313,587
313,588
313,589
313,590
313,591
53,357
53,49
53,513
53,248
53,592
53,593
53,594
53,595
53,186
53,321
53,577
53,344
53,528
53,596
53,125
53,597
53,598
53,403
53,491
53,599
53,408
53,330
54,357
54,600
54,601
54,352
54,602
54,539
54,359
54,360
54,603
54,604
54,605
54,606
54,363
54,607
54,183
54,608
54,609
54,610
54,364
54,430
54,365
54,611
54,612
54,431
54,575
54,58
54,613
54,2
54,61
54,614
54,513
54,368
54,31
54,83
54,54
54,32
54,615
54,616
54,248
54,617
54,241
54,618
54,117
54,619
54,620
54,369
54,621
54,622
54,623
54,99
54,624
54,187
54,437
54,625
54,553
54,626
54,372
54,627
54,517
54,555
54,628
54,629
54,444
54,630
54,451
54,71
54,453
54,559
54,631
54,374
54,377
54,378
54,380
54,346
54,458
54,560
54,383
54,632
54,384
54,633
54,574
54,321
54,10
54,392
54,394
54,634
54,635
54,526
54,636
54,397
54,398
54,528
54,637
54,345
54,638
54,253
54,639
54,181
54,234
54,583
54,640
54,641
54,530
54,642
54,643
54,644
54,645
54,646
54,491
54,407
54,332
54,408
54,409
54,647
54,104
54,213
54,648
54,412
54,649
54,413
54,650
54,651
54,652
54,653
54,654
54,591
54,655
147,357
147,422
147,656
147,362
147,657
147,658
147,659
147,660
147,366
147,661
147,38
147,37
147,30
147,314
147,549
147,117
147,585
147,662
147,517
147,450
147,71
147,559
147,454
147,663
147,455
147,456
147,458
147,560
147,562
147,664
147,567
147,568
147,665
147,321
147,10
147,524
147,393
147,394
147,465
147,526
147,528
147,579
147,64
147,666
147,311
147,530
147,515
147,491
147,667
147,332
147,408
147,409
147,104
147,330
147,589
147,75
147,668
61,42
61,354
61,669
61,429
61,670
61,431
61,343
61,314
61,622
61,671
61,630
61,380
61,346
61,460
61,29
61,384
61,568
61,387
61,392
61,465
61,17
61,70
61,125
61,672
61,403
61,673
61,645
61,674
61,675
61,330
61,127
61,415
61,676
61,677
61,454
61,668
73,42
73,129
73,0
73,108
73,49
73,354
73,352
73,505
73,280
73,540
73,359
73,678
73,606
73,252
73,425
73,669
73,507
73,679
73,362
73,363
73,319
73,429
73,183
73,608
73,680
73,322
73,542
73,681
73,364
73,508
73,682
73,430
73,365
73,611
73,660
73,683
73,545
73,105
73,684
73,367
73,685
73,368
73,686
73,33
73,83
73,54
73,38
73,32
73,547
73,62
73,248
73,687
73,314
73,318
73,688
73,550
73,117
73,619
73,689
73,620
73,369
73,621
73,690
73,691
73,29
73,99
73,100
73,692
73,302
73,625
73,693
73,555
73,630
73,177
73,450
73,451
73,71
73,592
73,559
73,631
73,663
73,376
73,377
73,694
73,456
73,381
73,346
73,458
73,695
73,459
73,560
73,460
73,562
73,696
73,565
73,697
73,566
73,384
73,385
73,386
73,665
73,569
73,698
73,633
73,461
73,389
73,699
73,573
73,390
73,321
73,575
73,10
73,392
73,700
73,524
73,463
73,465
73,526
73,636
73,65
73,701
73,702
73,471
73,637
73,703
73,472
73,250
73,704
73,345
73,70
73,596
73,253
73,476
73,705
73,639
73,125
73,597
73,706
73,583
73,672
73,707
73,403
73,640
73,200
73,405
73,708
73,599
73,709
73,710
73,711
73,712
73,645
73,713
73,491
73,407
73,332
73,409
73,213
73,411
73,674
73,675
73,330
73,532
73,714
73,715
73,716
73,717
73,718
73,413
73,313
73,414
73,415
73,719
73,720
73,721
73,499
73,190
73,588
73,722
73,653
73,589
73,418
73,590
73,723
73,724
73,725
73,726
73,727
73,728
73,729
52,129
52,336
52,354
52,539
52,540
52,359
52,425
52,507
52,363
52,183
52,611
52,431
52,730
52,435
52,368
52,32
52,99
52,625
52,626
52,628
52,630
52,451
52,518
52,559
52,631
52,519
52,379
52,346
52,731
52,383
52,384
52,520
52,521
52,387
52,392
52,524
52,65
52,70
52,64
52,732
52,181
52,6
52,402
52,405
52,406
52,645
52,713
52,408
52,409
52,649
52,413
52,414
52,733
52,720
52,349
52,588
52,734
52,735
180,129
180,736
180,730
180,31
180,371
180,737
180,378
180,562
180,10
180,467
180,738
180,705
180,479
180,529
180,739
180,740
180,502
180,741
242,129
242,603
242,614
242,248
242,585
242,99
242,100
242,443
242,559
242,696
242,742
242,743
242,465
242,744
242,345
242,125
242,529
242,645
242,332
242,330
242,745
242,506
146,129
146,354
146,422
146,539
146,603
146,604
146,746
146,506
146,362
146,658
146,670
146,112
146,660
146,21
146,512
146,366
146,435
146,368
146,31
146,54
146,38
146,37
146,32
146,687
146,214
146,747
146,620
146,671
146,748
146,189
146,517
146,629
146,557
146,558
146,749
146,451
146,71
146,750
146,751
146,752
146,753
146,754
146,755
146,559
146,455
146,378
146,456
146,457
146,380
146,756
146,458
146,757
146,758
146,460
146,382
146,697
146,567
146,521
146,568
146,387
146,523
146,10
146,524
146,17
146,578
146,579
146,759
146,345
146,70
146,596
146,125
146,529
146,311
146,403
146,760
146,761
146,530
146,515
146,531
146,408
146,104
146,532
146,586
146,94
146,651
146,762
146,587
146,349
146,763
309,534
309,536
309,49
309,359
309,252
309,656
309,319
309,428
309,191
309,680
309,670
309,55
309,2
309,56
309,105
309,366
309,62
309,248
309,214
309,241
309,146
309,149
309,550
309,764
309,151
309,155
309,159
309,440
309,555
309,444
309,445
309,765
309,447
309,451
309,71
309,751
309,754
309,631
309,131
309,133
309,378
309,456
309,379
309,381
309,346
309,756
309,458
309,560
309,594
309,565
309,326
309,385
309,53
309,52
309,766
309,767
309,633
309,461
309,10
309,768
309,394
309,769
309,468
309,396
309,65
309,397
309,701
309,469
309,474
309,345
309,770
309,771
309,477
309,639
309,125
309,482
309,28
309,400
309,711
309,515
309,494
309,772
309,773
309,714
309,211
309,649
309,774
309,496
309,775
309,500
309,734
309,776
309,777
309,503
10,534
10,535
10,0
10,81
10,44
10,421
10,505
10,778
10,678
10,604
10,361
10,1
10,428
10,670
10,779
10,432
10,110
10,58
10,55
10,613
10,2
10,61
10,660
10,21
10,219
10,433
10,780
10,146
10,51
10,149
10,781
10,302
10,782
10,553
10,155
10,783
10,784
10,443
10,785
10,134
10,131
10,786
10,787
10,380
10,458
10,788
10,562
10,789
10,262
10,790
10,385
10,791
10,766
10,792
10,462
10,463
10,464
10,394
10,466
10,120
10,119
10,396
10,793
10,470
10,759
10,474
10,580
10,125
10,794
10,795
10,486
10,402
10,488
10,42
10,796
10,797
10,403
10,673
10,798
10,799
10,800
10,406
10,495
10,772
10,773
10,801
10,802
10,774
10,139
10,803
10,502
10,776
10,804
10,805
10,806
10,807
10,808
10,809
10,504
430,534
430,810
430,240
430,811
430,812
430,813
430,791
430,509
430,814
430,394
430,702
430,759
430,815
430,816
430,817
430,403
430,762
430,818
430,819
430,820
430,821
430,822
430,823
168,824
168,108
168,825
168,421
168,354
168,221
168,604
168,606
168,220
168,614
168,99
168,451
168,454
168,376
168,378
168,379
168,458
168,742
168,574
168,394
168,465
168,525
168,65
168,578
168,345
168,64
168,125
168,529
168,826
168,827
168,311
168,403
168,405
168,332
168,408
168,828
168,829
168,330
168,127
168,587
168,589
281,824
281,830
281,108
281,352
281,538
281,359
281,360
281,506
281,507
281,319
281,831
281,183
281,832
281,322
281,609
281,508
281,682
281,303
281,21
281,833
281,730
281,368
281,31
281,83
281,54
281,810
281,214
281,314
281,241
281,240
281,117
281,834
281,690
281,100
281,624
281,835
281,836
281,837
281,838
281,447
281,451
281,519
281,455
281,379
281,695
281,459
281,182
281,384
281,570
281,388
281,389
281,574
281,523
281,839
281,10
281,840
281,841
281,842
281,17
281,527
281,637
281,843
281,64
281,452
281,732
281,125
281,188
281,583
281,400
281,403
281,404
281,337
281,708
281,264
281,406
281,711
281,646
281,491
281,531
281,667
281,332
281,408
281,409
281,844
281,213
281,411
281,718
281,650
281,414
281,416
281,651
281,23
281,190
281,454
281,653
281,845
281,590
281,591
281,725
281,735
349,824
349,604
349,575
349,512
349,549
349,376
349,742
349,385
349,386
349,846
349,345
349,829
349,847
115,824
115,535
115,422
115,670
115,543
115,614
115,546
115,38
115,248
115,585
115,671
115,559
115,456
115,458
115,848
115,393
115,462
115,65
115,70
115,124
115,125
115,399
115,529
115,491
115,408
115,587
115,849
115,847
217,824
217,0
217,600
217,536
217,80
217,81
217,825
217,601
217,352
217,537
217,423
217,602
217,359
217,604
217,605
217,252
217,669
217,427
217,656
217,363
217,319
217,428
217,429
217,608
217,191
217,850
217,851
217,542
217,852
217,779
217,364
217,509
217,612
217,432
217,110
217,111
217,143
217,58
217,55
217,613
217,2
217,56
217,660
217,219
217,220
217,512
217,105
217,366
217,684
217,433
217,614
217,730
217,853
217,368
217,31
217,30
217,32
217,810
217,248
217,304
217,314
217,318
217,688
217,241
217,146
217,51
217,149
217,148
217,436
217,550
217,619
217,621
217,99
217,100
217,514
217,781
217,302
217,187
217,437
217,625
217,764
217,854
217,300
217,554
217,151
217,155
217,159
217,163
217,440
217,783
217,517
217,855
217,856
217,441
217,792
217,629
217,11
217,857
217,858
217,443
217,444
217,445
217,446
217,785
217,765
217,447
217,448
217,177
217,449
217,859
217,450
217,558
217,451
217,71
217,86
217,860
217,453
217,664
217,751
217,752
217,861
217,753
217,754
217,559
217,454
217,663
217,812
217,134
217,133
217,140
217,141
217,376
217,378
217,379
217,457
217,380
217,346
217,862
217,756
217,458
217,560
217,731
217,460
217,565
217,383
217,29
217,790
217,182
217,568
217,385
217,863
217,386
217,665
217,690
217,53
217,52
217,633
217,461
217,699
217,743
217,390
217,289
217,10
217,8
217,848
217,814
217,463
217,464
217,466
217,467
217,769
217,135
217,468
217,864
217,842
217,120
217,119
217,865
217,396
217,701
217,469
217,185
217,470
217,17
217,866
217,637
217,472
217,578
217,579
217,473
217,704
217,345
217,70
217,64
217,266
217,638
217,253
217,475
217,771
217,477
217,124
217,125
217,581
217,794
217,399
217,795
217,484
217,485
217,529
217,815
217,486
217,487
217,488
217,42
217,41
217,28
217,707
217,40
217,311
217,403
217,200
217,673
217,800
217,490
217,333
217,867
217,406
217,515
217,491
217,407
217,868
217,667
217,332
217,408
217,493
217,494
217,409
217,869
217,104
217,870
217,675
217,330
217,714
217,715
217,651
217,496
217,497
217,498
217,871
217,499
217,139
217,872
217,417
217,873
217,589
217,590
217,775
217,500
217,502
217,874
217,804
217,875
217,739
217,806
217,807
217,727
217,777
217,876
217,503
17,336
17,359
17,360
17,603
17,604
17,363
17,319
17,609
17,610
17,612
17,431
17,513
17,368
17,54
17,32
17,62
17,616
17,248
17,318
17,618
17,550
17,117
17,747
17,369
17,99
17,100
17,624
17,300
17,372
17,630
17,813
17,377
17,519
17,380
17,459
17,877
17,182
17,384
17,520
17,633
17,388
17,699
17,392
17,393
17,465
17,526
17,636
17,398
17,878
17,175
17,866
17,528
17,637
17,250
17,64
17,771
17,639
17,125
17,879
17,234
17,403
17,530
17,405
17,642
17,644
17,406
17,491
17,408
17,409
17,410
17,330
17,717
17,718
17,650
17,415
17,94
17,651
17,719
17,677
17,652
17,591
17,502
17,726
591,336
591,880
591,362
591,681
591,431
591,881
591,184
591,882
591,377
591,699
591,392
591,359
591,344
591,703
591,188
591,883
591,409
591,718
361,336
361,600
361,830
361,538
361,362
361,363
361,319
361,609
361,610
361,430
361,431
361,367
361,435
361,62
361,810
361,117
361,747
361,369
361,836
361,884
361,182
361,633
361,394
361,465
361,17
361,866
361,124
361,125
361,403
361,640
361,673
361,712
361,407
361,868
361,409
361,885
361,415
361,94
361,502
361,886
55,336
55,887
55,108
55,352
55,423
55,678
55,606
55,506
55,669
55,363
55,183
55,608
55,609
55,888
55,852
55,889
55,612
55,431
55,660
55,890
55,366
55,730
55,435
55,685
55,853
55,368
55,83
55,810
55,834
55,585
55,622
55,690
55,891
55,671
55,189
55,447
55,86
55,631
55,663
55,519
55,455
55,787
55,378
55,346
55,186
55,698
55,892
55,768
55,893
55,526
55,841
55,701
55,344
55,637
55,474
55,64
55,894
55,639
55,125
55,480
55,181
55,188
55,817
55,672
55,708
55,644
55,712
55,645
55,332
55,408
55,409
55,649
55,885
55,895
55,896
55,413
55,588
55,872
55,897
55,898
55,899
161,336
161,354
161,506
161,363
161,183
161,682
161,889
161,314
161,369
161,518
161,631
161,787
161,378
161,346
161,731
161,384
161,841
161,398
161,476
161,706
161,399
161,404
161,530
161,643
161,408
161,330
161,414
298,336
298,900
298,352
298,538
298,540
298,746
298,363
298,670
298,682
298,431
298,901
298,550
298,438
298,628
298,71
298,750
298,631
298,379
298,458
298,696
298,520
298,698
298,571
298,321
298,902
298,866
298,818
298,475
298,125
298,403
298,405
298,642
298,773
298,330
595,336
595,362
595,319
595,431
595,184
595,300
595,903
595,392
595,904
595,395
595,883
595,905
595,674
595,896
595,906
595,23
595,907
507,0
507,354
507,361
507,908
507,909
507,832
507,910
507,31
507,617
507,623
507,442
507,559
507,786
507,593
507,379
507,326
507,911
507,637
507,597
507,872
209,0
209,424
209,319
209,445
209,559
209,134
209,141
209,380
209,381
209,912
209,766
209,768
209,473
209,913
209,478
209,492
209,495
209,330
209,745
209,139
209,806
116,0
116,424
116,656
116,319
116,110
116,2
116,105
116,51
116,155
116,861
116,134
116,141
116,379
116,380
116,562
116,912
116,461
116,466
116,473
116,478
116,41
116,28
116,405
116,330
116,745
116,139
116,806
117,0
117,81
117,219
117,433
117,146
117,51
117,149
117,371
117,626
117,28
117,453
117,119
117,470
117,914
117,93
117,707
117,915
117,916
117,917
314,0
314,830
314,108
314,48
314,49
314,354
314,352
314,604
314,918
314,1
314,541
314,901
314,575
314,219
314,614
314,83
314,32
314,919
314,314
314,241
314,834
314,99
314,514
314,781
314,671
314,439
314,373
314,442
314,11
314,858
314,443
314,444
314,630
314,750
314,559
314,133
314,140
314,376
314,379
314,458
314,562
314,696
314,326
314,742
314,385
314,920
314,386
314,390
314,525
314,467
314,468
314,65
314,474
314,70
314,64
314,479
314,125
314,581
314,485
314,311
314,403
314,515
314,646
314,408
314,494
314,870
314,127
314,313
314,94
314,587
314,498
314,872
314,589
314,921
314,502
314,822
414,0
414,81
414,352
414,428
414,430
414,105
414,30
414,146
414,51
414,149
414,148
414,620
414,625
414,553
414,163
414,856
414,451
414,71
414,453
414,131
414,464
414,467
414,119
414,469
414,470
414,578
414,399
414,41
414,28
414,922
414,733
380,358
380,601
380,361
380,512
380,544
380,248
380,549
380,923
380,516
380,924
380,752
380,753
380,754
380,522
380,570
380,767
380,768
380,635
380,637
380,250
380,477
380,639
380,925
380,926
380,927
380,531
380,407
380,733
380,928
380,679
380,668
318,358
318,252
318,929
318,506
318,219
318,62
318,348
318,548
318,117
318,100
318,516
318,553
318,895
318,630
318,177
318,86
318,861
318,456
318,563
318,384
318,387
318,53
318,52
318,176
318,864
318,175
318,771
318,125
318,234
318,583
318,486
318,200
318,673
318,927
318,495
318,313
318,720
318,190
318,873
318,734
318,876
273,358
273,80
273,656
273,362
273,366
273,619
273,559
273,458
273,465
273,396
273,398
273,250
273,64
273,481
273,311
273,403
273,673
273,409
273,211
273,822
50,358
50,108
50,44
50,421
50,269
50,505
50,422
50,280
50,541
50,365
50,660
50,435
50,661
50,686
50,546
50,248
50,314
50,549
50,550
50,585
50,748
50,302
50,811
50,71
50,456
50,381
50,568
50,920
50,665
50,321
50,10
50,524
50,394
50,930
50,474
50,70
50,125
50,931
50,481
50,403
50,404
50,530
50,645
50,491
50,599
50,745
50,591
50,821
50,804
50,932
50,933
226,358
226,354
226,505
226,778
226,507
226,607
226,779
226,512
226,435
226,31
226,314
226,559
226,663
226,757
226,390
226,10
226,393
226,394
226,525
226,528
226,480
226,529
226,311
226,408
226,719
226,349
226,590
226,763
58,358
58,80
58,421
58,604
58,669
58,362
58,319
58,607
58,851
58,670
58,248
58,919
58,585
58,99
58,514
58,370
58,837
58,629
58,450
58,755
58,454
58,376
58,455
58,380
58,381
58,458
58,560
58,565
58,664
58,176
58,523
58,390
58,934
58,394
58,465
58,526
58,578
58,250
58,732
58,481
58,484
58,311
58,403
58,491
58,584
58,408
58,935
58,506
186,600
186,536
186,49
186,421
186,352
186,936
186,538
186,602
186,604
186,424
186,426
186,427
186,656
186,1
186,319
186,657
186,428
186,608
186,207
186,191
186,194
186,680
186,322
186,609
186,852
186,111
186,112
186,2
186,219
186,220
186,105
186,684
186,433
186,434
186,853
186,248
186,304
186,318
186,146
186,51
186,149
186,148
186,147
186,436
186,689
186,621
186,99
186,187
186,437
186,764
186,554
186,662
186,151
186,155
186,159
186,440
186,783
186,855
186,856
186,441
186,792
186,857
186,443
186,445
186,446
186,785
186,765
186,937
186,447
186,448
186,177
186,859
186,450
186,451
186,453
186,592
186,754
186,134
186,131
186,133
186,140
186,519
186,378
186,456
186,380
186,381
186,458
186,459
186,788
186,562
186,697
186,790
186,53
186,52
186,912
186,176
186,743
186,390
186,10
186,8
186,814
186,465
186,769
186,135
186,468
186,482
186,842
186,865
186,469
186,470
186,878
186,17
186,528
186,759
186,474
186,345
186,638
186,477
186,794
186,481
186,483
186,484
186,485
186,938
186,529
186,486
186,487
186,42
186,41
186,28
186,40
186,872
186,489
186,311
186,403
186,673
186,800
186,490
186,333
186,406
186,491
186,868
186,492
186,667
186,332
186,408
186,660
186,870
186,675
186,330
186,714
186,313
186,496
186,498
186,417
186,845
186,589
186,775
186,500
186,501
186,875
186,806
186,727
186,503
28,600
28,939
28,419
28,280
28,540
28,940
28,880
28,507
28,363
28,319
28,607
28,429
28,543
28,682
28,889
28,545
28,730
28,435
28,941
28,318
28,688
28,436
28,240
28,117
28,747
28,620
28,99
28,100
28,624
28,625
28,854
28,882
28,811
28,556
28,71
28,942
28,170
28,592
28,631
28,377
28,695
28,384
28,943
28,386
28,569
28,633
28,944
28,461
28,392
28,396
28,902
28,577
28,878
28,175
28,17
28,866
28,703
28,70
28,639
28,124
28,125
28,925
28,706
28,931
28,582
28,6
28,583
28,945
28,707
28,403
28,641
28,405
28,642
28,712
28,515
28,491
28,407
28,946
28,332
28,409
28,410
28,647
28,870
28,648
28,211
28,947
28,650
28,740
296,600
296,939
296,419
296,280
296,540
296,940
296,363
296,429
296,543
296,659
296,682
296,889
296,948
296,545
296,941
296,436
296,117
296,747
296,620
296,369
296,99
296,100
296,624
296,854
296,882
296,811
296,442
296,556
296,942
296,170
296,559
296,631
296,377
296,456
296,695
296,560
296,943
296,386
296,569
296,944
296,461
296,390
296,396
296,902
296,577
296,878
296,175
296,866
296,703
296,70
296,771
296,925
296,706
296,931
296,582
296,6
296,583
296,945
296,707
296,403
296,641
296,530
296,405
296,642
296,708
296,712
296,515
296,713
296,946
296,410
296,870
296,211
296,885
296,947
296,414
296,23
296,740
297,600
297,354
297,221
297,280
297,539
297,880
297,322
297,670
297,682
297,431
297,2
297,685
297,368
297,686
297,32
297,949
297,318
297,950
297,618
297,550
297,117
297,747
297,585
297,99
297,854
297,438
297,439
297,518
297,453
297,592
297,559
297,631
297,456
297,380
297,381
297,458
297,563
297,633
297,574
297,523
297,743
297,390
297,575
297,792
297,951
297,848
297,846
297,701
297,250
297,638
297,253
297,639
297,399
297,529
297,403
297,761
297,337
297,952
297,712
297,515
297,491
297,946
297,332
297,408
297,953
297,532
297,649
297,885
297,954
84,600
84,48
84,49
84,421
84,929
84,363
84,322
84,364
84,543
84,614
84,436
84,549
84,923
84,515
84,302
84,811
84,855
84,629
84,884
84,71
84,750
84,518
84,664
84,755
84,559
84,663
84,812
84,376
84,377
84,456
84,457
84,380
84,458
84,695
84,382
84,566
84,632
84,182
84,944
84,576
84,465
84,526
84,902
84,469
84,702
84,474
84,732
84,529
84,826
84,827
84,796
84,403
84,404
84,642
84,952
84,646
84,408
84,955
84,844
84,829
84,330
84,587
257,600
257,603
257,428
257,619
257,836
257,858
257,321
257,464
257,465
257,526
257,470
257,578
257,474
257,403
257,946
183,600
183,939
183,280
183,908
183,890
183,956
183,957
183,368
183,617
183,688
183,549
183,958
183,117
183,834
183,623
183,691
183,187
183,437
183,764
183,371
183,159
183,959
183,786
183,791
183,960
183,665
183,911
183,522
183,570
183,766
183,523
183,961
183,395
183,738
183,701
183,344
183,962
183,639
183,739
183,641
183,867
183,406
183,927
183,407
183,899
183,650
183,496
183,963
183,872
183,964
183,965
183,777
183,728
93,900
93,48
93,49
93,605
93,606
93,669
93,543
93,367
93,435
93,966
93,941
93,949
93,967
93,117
93,671
93,968
93,551
93,444
93,860
93,786
93,561
93,563
93,969
93,960
93,176
93,321
93,970
93,934
93,526
93,744
93,478
93,480
93,181
93,92
93,815
93,6
93,403
93,935
93,955
93,971
93,104
93,972
93,845
93,734
93,849
302,900
302,48
302,49
302,354
302,422
302,221
302,359
302,678
302,360
302,603
302,929
302,880
302,669
302,679
302,363
302,607
302,428
302,973
302,183
302,609
302,888
302,542
302,610
302,659
302,682
302,889
302,365
302,611
302,431
302,974
302,54
302,248
302,687
302,941
302,318
302,688
302,241
302,240
302,117
302,747
302,369
302,621
302,622
302,690
302,437
302,625
302,372
302,554
302,737
302,71
302,559
302,631
302,375
302,813
302,134
302,380
302,381
302,458
302,459
302,383
302,384
302,520
302,570
302,633
302,699
302,961
302,575
302,10
302,391
302,392
302,509
302,814
302,465
302,65
302,701
302,702
302,878
302,866
302,528
302,637
302,250
302,64
302,638
302,253
302,475
302,476
302,125
302,234
302,931
302,482
302,487
302,403
302,405
302,709
302,713
302,584
302,408
302,409
302,410
302,953
302,213
302,411
302,715
302,885
302,718
302,413
302,313
302,651
302,677
302,454
302,653
302,591
302,886
302,725
302,726
561,939
561,419
561,539
561,510
561,511
561,62
561,615
561,747
561,748
561,836
561,444
561,558
561,786
561,458
561,975
561,387
561,976
561,474
561,977
561,481
561,403
561,491
561,869
561,675
561,745
561,705
561,978
144,939
144,979
144,614
144,747
144,671
144,836
144,558
144,71
144,813
144,458
144,565
144,390
144,345
144,403
144,332
144,408
144,935
144,955
144,532
102,887
102,423
102,359
102,669
102,679
102,908
102,183
102,608
102,670
102,431
102,117
102,369
102,302
102,187
102,438
102,856
102,71
102,942
102,751
102,752
102,694
102,731
102,698
102,571
102,839
102,846
102,700
102,768
102,135
102,468
102,864
102,637
102,703
102,980
102,639
102,125
102,181
102,672
102,311
102,530
102,645
102,646
102,408
102,409
102,715
102,414
102,981
102,897
102,907
153,419
153,49
153,421
153,352
153,422
153,669
153,364
153,510
153,511
153,512
153,435
153,62
153,838
153,559
153,380
153,381
153,756
153,664
153,920
153,930
153,982
153,125
153,481
153,403
153,405
153,490
153,491
153,332
153,408
153,589
136,419
136,49
136,421
136,605
136,669
136,426
136,427
136,435
136,786
136,458
136,562
136,176
136,744
136,578
136,480
136,403
136,332
136,955
118,419
118,81
118,108
118,49
118,420
118,421
118,352
118,605
118,606
118,425
118,656
118,909
118,657
118,670
118,37
118,949
118,549
118,585
118,518
118,813
118,457
118,380
118,756
118,458
118,563
118,386
118,970
118,744
118,474
118,732
118,638
118,253
118,125
118,403
118,405
118,667
118,408
118,935
118,955
118,819
399,830
399,602
399,656
399,428
399,191
399,322
399,434
399,675
399,304
399,147
399,781
399,437
399,439
399,855
399,11
399,937
399,177
399,71
399,86
399,752
399,131
399,133
399,29
399,385
399,53
399,467
399,135
399,121
399,119
399,17
399,266
399,794
399,484
399,485
399,707
399,489
399,867
399,406
399,491
399,660
399,651
399,498
399,499
399,875
399,503
154,536
154,421
154,422
154,941
154,548
154,99
154,378
154,380
154,346
154,862
154,458
154,459
154,560
154,460
154,462
154,474
154,64
154,529
154,826
154,827
154,983
154,408
154,412
204,536
204,825
204,421
204,221
204,656
204,657
204,192
204,680
204,219
204,220
204,105
204,434
204,149
204,549
204,553
204,856
204,441
204,937
204,448
204,755
204,133
204,456
204,457
204,380
204,381
204,458
204,459
204,560
204,595
204,567
204,743
204,984
204,462
204,464
204,394
204,769
204,976
204,119
204,470
204,473
204,732
204,985
204,638
204,253
204,475
204,124
204,125
204,597
204,181
204,115
204,529
204,404
204,800
204,490
204,333
204,584
204,408
204,714
204,127
204,986
204,498
204,501
204,807
204,987
66,536
66,352
66,422
66,940
66,656
66,657
66,192
66,219
66,105
66,433
66,730
66,435
66,51
66,549
66,855
66,937
66,452
66,518
66,453
66,134
66,141
66,455
66,381
66,346
66,567
66,526
66,744
66,930
66,120
66,396
66,470
66,471
66,473
66,474
66,988
66,490
66,408
66,495
66,714
66,127
66,986
66,417
66,500
85,536
85,81
85,851
85,435
85,755
85,455
85,378
85,989
85,560
85,461
85,390
85,394
85,465
85,638
85,253
85,359
85,491
85,332
85,408
111,80
111,81
111,44
111,421
111,422
111,656
111,657
111,670
111,219
111,433
111,248
111,146
111,51
111,549
111,373
111,445
111,448
111,131
111,378
111,457
111,380
111,346
111,458
111,562
111,567
111,387
111,53
111,52
111,526
111,744
111,396
111,470
111,578
111,250
111,473
111,474
111,771
111,481
111,311
111,490
111,408
111,714
213,80
213,44
213,604
213,424
213,362
213,319
213,428
213,851
213,508
213,659
213,682
213,2
213,56
213,219
213,366
213,368
213,304
213,585
213,514
213,302
213,446
213,378
213,456
213,379
213,385
213,984
213,462
213,463
213,464
213,769
213,636
213,865
213,397
213,578
213,64
213,638
213,253
213,478
213,583
213,486
213,487
213,41
213,40
213,922
213,311
213,403
213,713
213,492
213,408
213,773
213,211
213,990
213,589
213,502
213,876
12,80
12,81
12,656
12,428
12,613
12,2
12,56
12,61
12,219
12,433
12,614
12,51
12,781
12,553
12,858
12,445
12,447
12,452
12,140
12,455
12,390
12,394
12,466
12,121
12,120
12,473
12,474
12,638
12,253
12,771
12,481
12,488
12,28
12,333
92,80
92,421
92,194
92,111
92,433
92,33
92,30
92,51
92,549
92,373
92,556
92,991
92,134
92,567
92,992
92,470
92,474
92,771
92,490
92,333
92,495
139,80
139,221
139,425
139,658
139,549
139,553
139,884
139,813
139,376
139,456
139,380
139,458
139,695
139,989
139,757
139,632
139,390
139,462
139,578
139,250
139,529
139,983
139,403
139,405
139,993
139,211
139,921
0,81
0,424
0,613
0,56
0,219
0,433
0,434
0,614
0,318
0,51
0,764
0,553
0,141
0,455
0,766
0,461
0,466
0,467
0,396
0,793
0,528
0,41
0,28
0,408
0,498
0,872
128,81
128,421
128,221
128,319
128,851
128,609
128,670
128,543
128,365
128,432
128,546
128,549
128,550
128,619
128,302
128,553
128,372
128,628
128,444
128,557
128,884
128,518
128,559
128,663
128,375
128,376
128,377
128,457
128,380
128,458
128,695
128,459
128,560
128,383
128,182
128,390
128,321
128,951
128,394
128,465
128,578
128,250
128,70
128,64
128,475
128,639
128,124
128,125
128,399
128,529
128,826
128,988
128,311
128,403
128,405
128,645
128,667
128,332
128,408
128,532
128,211
128,502
221,81
221,44
221,48
221,352
221,602
221,252
221,427
221,428
221,191
221,194
221,111
221,112
221,105
221,433
221,434
221,30
221,314
221,318
221,688
221,51
221,149
221,148
221,436
221,549
221,99
221,781
221,302
221,764
221,626
221,151
221,155
221,440
221,783
221,855
221,11
221,443
221,765
221,447
221,177
221,450
221,28
221,86
221,592
221,454
221,134
221,131
221,133
221,140
221,141
221,381
221,53
221,52
221,10
221,393
221,466
221,769
221,468
221,864
221,120
221,396
221,470
221,528
221,473
221,759
221,64
221,771
221,476
221,477
221,125
221,483
221,484
221,485
221,487
221,42
221,41
221,872
221,673
221,490
221,333
221,867
221,491
221,492
221,408
221,330
221,714
221,871
221,139
221,589
221,500
221,501
221,807
221,503
20,108
20,421
20,361
20,948
20,730
20,435
20,585
20,749
20,454
20,455
20,379
20,346
20,384
20,10
20,771
20,977
20,481
20,403
20,408
20,213
20,415
20,734
20,849
317,108
317,49
317,538
317,221
317,929
317,746
317,319
317,670
317,509
317,314
317,318
317,549
317,451
317,71
317,861
317,994
317,753
317,754
317,559
317,376
317,380
317,381
317,756
317,594
317,390
317,394
317,466
317,469
317,250
317,639
317,181
317,529
317,311
317,491
317,408
317,330
317,986
239,108
239,422
239,428
239,851
239,670
239,110
239,248
239,619
239,514
239,370
239,444
239,592
239,376
239,457
239,380
239,381
239,458
239,758
239,460
239,382
239,383
239,390
239,321
239,10
239,393
239,576
239,394
239,578
239,250
239,638
239,253
239,894
239,125
239,706
239,399
239,529
239,826
239,827
239,311
239,403
239,405
239,408
239,493
239,494
239,409
239,870
239,822
113,108
113,825
113,421
113,354
113,352
113,603
113,918
113,507
113,657
113,428
113,680
113,541
113,779
113,55
113,56
113,890
113,614
113,730
113,549
113,619
113,585
113,302
113,882
113,884
113,755
113,559
113,376
113,378
113,457
113,380
113,381
113,458
113,459
113,560
113,594
113,758
113,566
113,568
113,385
113,387
113,461
113,523
113,390
113,321
113,951
113,462
113,394
113,744
113,976
113,396
113,527
113,70
113,64
113,125
113,581
113,529
113,826
113,827
113,6
113,311
113,405
113,490
113,515
113,646
113,713
113,491
113,667
113,332
113,408
113,995
113,773
113,330
113,127
113,986
113,587
113,349
113,501
113,996
275,108
275,363
275,319
275,607
275,183
275,431
275,730
275,435
275,314
275,620
275,835
275,751
275,375
275,455
275,458
275,384
275,392
275,841
275,597
275,529
275,403
275,404
275,674
275,898
215,108
215,421
215,354
215,541
215,730
215,557
215,559
215,378
215,380
215,756
215,458
215,695
215,989
215,594
215,758
215,460
215,564
215,572
215,951
215,846
215,474
215,529
215,827
215,983
215,401
215,530
215,491
215,332
215,408
215,493
215,494
215,589
215,763
300,108
300,421
300,929
300,680
300,670
300,901
300,512
300,730
300,435
300,513
300,548
300,967
300,549
300,550
300,923
300,302
300,854
300,884
300,518
300,755
300,559
300,456
300,380
300,381
300,756
300,458
300,459
300,731
300,594
300,766
300,523
300,390
300,524
300,577
300,982
300,528
300,529
300,826
300,827
300,311
300,760
300,530
300,713
300,491
300,585
300,408
300,587
300,763
11,108
11,422
11,542
11,435
11,368
11,834
11,751
11,752
11,455
11,378
11,461
11,394
11,704
11,706
416,108
416,537
416,426
416,304
416,51
416,997
416,856
416,749
416,912
416,462
416,397
416,470
416,759
416,580
416,771
416,40
416,922
416,492
416,899
416,978
416,990
416,820
416,533
416,876
311,108
311,422
311,678
311,979
311,428
311,509
311,575
311,111
311,2
311,435
311,585
311,302
311,553
311,159
311,450
311,663
311,457
311,380
311,381
311,346
311,458
311,560
311,382
311,383
311,390
311,321
311,744
311,125
311,484
311,529
311,403
311,667
311,332
311,408
311,493
311,870
311,330
311,414
106,44
106,420
106,421
106,354
106,352
106,427
106,542
106,998
106,364
106,966
106,33
106,83
106,32
106,949
106,549
106,302
106,837
106,450
106,86
106,592
106,559
106,786
106,456
106,380
106,460
106,575
106,970
106,465
106,526
106,744
106,930
106,474
106,70
106,266
106,481
106,403
106,337
106,405
106,408
106,955
106,870
87,44
87,1
87,607
87,851
87,779
87,314
87,553
87,300
87,524
87,17
87,578
87,345
87,580
31,48
31,420
31,421
31,422
31,604
31,852
31,614
31,661
31,38
31,248
31,549
31,442
31,444
31,454
31,376
31,386
31,321
31,10
31,465
31,466
31,744
31,345
31,125
31,529
31,707
31,955
31,829
31,586
290,48
290,670
290,366
290,546
290,854
290,562
290,696
290,920
290,575
290,289
290,474
290,345
290,64
290,125
290,480
290,311
290,94
290,587
290,589
290,847
45,48
45,420
45,421
45,269
45,422
45,426
45,427
45,656
45,909
45,670
45,614
45,730
45,435
45,513
45,546
45,248
45,548
45,549
45,958
45,950
45,671
45,811
45,373
45,838
45,884
45,450
45,453
45,592
45,559
45,375
45,378
45,380
45,458
45,562
45,563
45,176
45,524
45,394
45,465
45,526
45,744
45,930
45,902
45,65
45,578
45,474
45,345
45,64
45,771
45,977
45,124
45,125
45,480
45,931
45,481
45,988
45,311
45,403
45,760
45,408
45,493
45,955
45,330
45,586
45,211
45,587
45,722
45,589
45,502
129,48
129,421
129,422
129,427
129,362
129,541
129,851
129,609
129,670
129,546
129,549
129,555
129,592
129,755
129,376
129,567
129,394
129,465
129,70
129,639
129,529
129,796
129,646
129,330
129,587
129,589
114,49
114,354
114,252
114,918
114,658
114,541
114,543
114,117
114,442
114,858
114,630
114,559
114,562
114,595
114,696
114,262
114,385
114,920
114,465
114,703
114,70
114,64
114,639
114,581
114,583
114,403
114,408
114,587
114,589
241,601
241,421
241,746
241,507
241,670
241,303
241,21
241,31
241,314
241,619
241,999
241,748
241,997
241,884
241,750
241,860
241,376
241,456
241,458
241,459
241,524
241,394
241,634
241,525
241,65
241,470
241,1000
241,527
241,528
241,759
241,474
241,345
241,399
241,983
241,761
241,710
241,667
241,408
241,829
241,719
241,349
241,590
241,734
241,75
241,533
241,1001
241,849
440,601
440,359
440,1
440,681
440,610
440,508
440,948
440,685
440,436
440,550
440,117
440,854
440,856
440,942
440,592
440,374
440,455
440,380
440,346
440,459
440,633
440,571
440,523
440,390
440,392
440,768
440,395
440,634
440,635
440,397
440,344
440,818
440,704
440,639
440,868
440,330
440,412
440,414
440,416
440,720
440,588
440,654
440,418
440,897
95,421
95,604
95,424
95,1
95,105
95,433
95,51
95,149
95,585
95,764
95,626
95,450
95,379
95,570
95,53
95,912
95,633
95,478
95,125
95,486
95,28
95,772
95,714
291,421
291,605
291,918
291,425
291,427
291,362
291,319
291,607
291,657
291,851
291,670
291,542
291,998
291,111
291,546
291,33
291,248
291,314
291,549
291,444
291,749
291,664
291,559
291,376
291,378
291,456
291,380
291,458
291,595
291,696
291,262
291,385
291,920
291,523
291,390
291,321
291,394
291,465
291,65
291,701
291,70
291,64
291,266
291,580
291,732
291,125
291,399
291,481
291,582
291,401
291,988
291,489
291,311
291,403
291,491
291,585
291,408
291,493
291,409
291,870
291,330
291,762
291,589
291,921
291,847
44,421
44,422
44,678
44,427
44,21
44,614
44,435
44,585
44,373
44,575
44,744
44,636
44,345
44,530
44,406
44,492
44,935
44,955
44,330
44,211
44,589
120,421
120,354
120,424
120,605
120,319
120,670
120,32
120,949
120,836
120,811
120,71
120,755
120,378
120,380
120,381
120,458
120,758
120,521
120,386
120,571
120,10
120,904
120,524
120,394
120,474
120,476
120,931
120,311
120,403
120,760
120,404
120,408
120,955
120,762
9,421
9,269
9,422
9,604
9,605
9,880
9,974
9,546
9,752
9,994
9,754
9,378
9,381
9,385
9,863
9,474
9,70
9,125
9,481
9,598
9,311
9,530
9,491
9,330
252,421
252,979
252,657
252,614
252,38
252,585
252,514
252,515
252,370
252,748
252,184
252,518
252,559
252,65
252,578
252,250
252,359
252,125
252,584
252,408
252,586
252,589
60,269
60,354
60,423
60,221
60,280
60,540
60,670
60,542
60,659
60,682
60,343
60,435
60,368
60,62
60,616
60,248
60,214
60,949
60,241
60,240
60,618
60,550
60,117
60,585
60,369
60,621
60,622
60,891
60,99
60,189
60,439
60,628
60,518
60,663
60,456
60,346
60,458
60,460
60,563
60,384
60,568
60,633
60,389
60,574
60,523
60,390
60,10
60,392
60,846
60,526
60,482
60,17
60,528
60,637
60,250
60,704
60,980
60,638
60,253
60,476
60,639
60,125
60,480
60,706
60,403
60,530
60,405
60,491
60,407
60,332
60,408
60,409
60,953
60,330
60,532
60,714
60,649
60,954
60,650
60,414
60,190
60,588
60,1002
60,981
60,589
203,354
203,33
203,31
203,83
203,920
203,70
203,94
203,349
305,354
305,539
305,424
305,918
305,850
305,542
305,543
305,219
305,686
305,30
305,248
305,348
305,51
305,442
305,443
305,558
305,140
305,326
305,385
305,912
305,523
305,396
305,637
305,474
305,404
305,408
305,532
305,733
305,587
305,965
305,591
305,502
305,916
171,354
171,422
171,680
171,670
171,890
171,366
171,614
171,318
171,117
171,450
171,378
171,380
171,756
171,458
171,560
171,594
171,758
171,385
171,743
171,321
171,976
171,17
171,405
171,490
171,408
171,330
171,587
197,352
197,422
197,428
197,110
197,111
197,552
197,371
197,553
197,626
197,159
197,441
197,444
197,447
197,448
197,449
197,561
197,790
197,767
197,466
197,121
197,119
197,17
197,759
197,474
197,93
197,938
197,486
197,487
197,707
197,491
197,772
197,773
197,844
197,775
197,807
197,504
294,352
294,363
294,890
294,592
294,559
294,375
294,594
294,742
294,385
294,390
294,904
294,524
294,636
294,637
294,125
294,406
294,491
294,418
301,352
301,609
301,888
301,901
301,435
301,620
301,621
301,690
301,189
301,555
301,1003
301,1004
301,592
301,631
301,456
301,593
301,457
301,186
301,390
301,524
301,395
301,634
301,635
301,526
301,962
301,125
301,399
301,1005
301,403
301,491
301,531
301,409
301,649
301,885
278,505
278,422
278,252
278,359
278,979
278,549
278,991
278,568
278,575
278,792
278,529
278,403
278,584
278,585
278,722
356,422
356,424
356,366
356,54
356,787
356,378
356,790
356,321
356,636
356,486
356,491
356,492
356,772
356,773
356,213
356,42
433,422
433,541
433,33
433,557
433,752
433,994
433,753
433,754
433,454
433,378
433,380
433,756
433,458
433,695
433,989
433,594
433,758
433,460
433,564
433,567
433,572
433,10
433,846
433,529
433,826
433,827
433,983
433,401
433,530
433,490
433,491
433,408
433,493
433,494
433,655
433,763
321,422
321,1006
321,779
321,303
321,219
321,220
321,518
321,994
321,754
321,459
321,562
321,386
321,321
321,125
321,529
321,673
321,127
77,422
77,730
77,435
77,585
77,881
77,959
77,751
77,455
77,565
77,10
77,404
77,211
77,415
77,822
220,422
220,605
220,606
220,979
220,507
220,435
220,517
220,518
220,381
220,562
220,520
220,521
220,474
220,475
220,408
445,252
445,360
445,682
445,612
445,780
445,834
445,99
445,100
445,692
445,437
445,1007
445,593
445,459
445,10
445,392
445,524
445,175
445,843
445,639
445,529
445,200
445,952
445,330
445,718
445,313
445,414
445,897
445,725
445,907
478,252
478,669
478,832
478,852
478,431
478,890
478,544
478,956
478,367
478,690
478,623
478,516
478,968
478,693
478,439
478,555
478,863
478,975
478,911
478,848
478,893
478,865
478,701
478,1000
478,472
478,962
478,402
478,640
478,532
478,733
478,820
478,928
478,1001
478,1008
540,423
540,363
540,183
540,889
540,431
540,368
540,37
540,616
540,117
540,631
540,694
540,346
540,564
540,571
540,398
540,345
540,962
540,639
540,399
540,484
540,1005
540,403
540,640
540,530
540,407
540,868
540,409
540,330
540,1002
540,589
538,221
538,359
538,319
538,607
538,194
538,368
538,83
538,555
538,628
538,456
538,384
538,840
538,768
538,771
538,583
538,400
538,711
538,409
538,647
538,844
538,648
538,23
538,897
538,590
288,221
288,373
288,559
288,378
288,456
288,380
288,756
288,458
288,560
288,758
288,461
288,321
288,394
288,125
288,399
288,337
288,408
288,589
288,502
218,602
218,427
218,428
218,541
218,851
218,609
218,670
218,21
218,219
218,433
218,949
218,585
218,553
218,856
218,449
218,859
218,559
218,375
218,381
218,383
218,632
218,326
218,767
218,462
218,464
218,394
218,769
218,468
218,864
218,125
218,188
218,938
218,529
218,826
218,796
218,797
218,337
218,798
218,408
218,330
218,807
218,763
56,359
56,670
56,682
56,611
56,431
56,117
56,619
56,99
56,302
56,625
56,300
56,558
56,451
56,378
56,893
56,577
56,175
56,403
56,530
56,844
56,715
56,885
56,413
56,677
56,652
36,603
36,680
36,851
36,609
36,670
36,890
36,749
36,458
36,459
36,757
36,562
36,567
36,396
36,474
36,125
36,597
36,988
36,490
36,408
36,714
503,604
503,1
503,541
503,219
503,517
503,861
503,753
503,754
503,376
503,787
503,378
503,380
503,381
503,862
503,560
503,758
503,474
503,666
503,995
503,493
503,905
503,829
503,675
299,604
299,670
299,610
299,366
299,614
299,730
299,1003
299,380
299,756
299,458
299,731
299,594
299,388
299,576
299,394
299,398
299,64
299,481
299,403
299,405
299,713
299,408
299,995
299,409
299,905
299,330
329,605
329,853
329,510
329,619
329,454
329,812
329,378
329,756
329,458
329,758
329,403
329,405
329,927
329,585
329,995
329,493
329,589
274,605
274,319
274,736
274,183
274,888
274,852
274,684
274,730
274,435
274,32
274,620
274,754
274,455
274,10
274,700
274,770
274,646
274,213
274,906
274,653
432,605
432,509
432,543
432,730
432,31
432,32
432,547
432,248
432,514
432,451
432,71
432,457
432,756
432,566
432,742
432,385
432,574
432,524
432,527
432,70
432,770
432,491
432,494
432,587
432,349
432,589
432,921
443,252
443,669
443,363
443,431
443,29
443,99
443,999
443,1009
443,451
443,1007
443,454
443,346
443,566
443,571
443,699
443,768
443,841
443,770
443,639
443,879
443,412
443,717
443,413
443,414
443,898
443,723
443,1010
41,929
41,319
41,607
41,901
41,435
41,241
41,117
41,369
41,621
41,187
41,437
41,444
41,729
41,637
41,638
41,253
41,234
41,713
41,409
41,213
41,330
41,885
41,413
41,676
41,898
490,746
490,683
490,1011
490,997
490,1012
490,750
490,8
490,840
490,525
490,759
490,6
490,213
490,996
333,880
333,669
333,319
333,889
333,948
333,431
333,620
333,692
333,903
333,384
333,389
333,10
333,8
333,951
333,395
333,634
333,841
333,636
333,345
333,770
333,639
333,995
333,655
175,918
175,507
175,670
175,512
175,83
175,32
175,62
175,919
175,514
175,444
175,838
175,455
175,459
175,562
175,742
175,385
175,920
175,392
175,524
175,65
175,474
175,345
175,70
175,639
175,311
175,403
175,515
175,332
175,408
175,870
175,94
175,719
175,349
175,589
175,921
175,822
86,979
86,730
86,585
86,514
86,515
86,370
86,566
86,182
86,10
86,578
86,250
86,579
86,359
86,809
238,979
238,362
238,319
238,607
238,851
238,609
238,544
238,248
238,189
238,559
238,565
238,182
238,523
238,743
238,390
238,744
238,578
238,250
238,474
238,484
238,530
238,330
315,426
315,428
315,366
315,343
315,30
315,32
315,304
315,314
315,146
315,51
315,1013
315,549
315,439
315,997
315,855
315,856
315,441
315,857
315,444
315,446
315,451
315,71
315,28
315,860
315,518
315,559
315,663
315,812
315,593
315,379
315,458
315,562
315,595
315,690
315,53
315,52
315,912
315,462
315,464
315,842
315,397
315,17
315,41
315,40
315,922
315,311
315,403
315,408
315,899
315,978
315,990
315,820
315,1014
315,533
315,876
295,361
295,507
295,363
295,319
295,607
295,682
295,366
295,368
295,31
295,32
295,628
295,11
295,71
295,518
295,631
295,458
295,566
295,182
295,384
295,633
295,572
295,392
295,704
295,638
295,253
295,706
295,530
295,405
295,926
295,713
295,491
295,408
295,409
138,1
138,428
138,850
138,543
138,575
138,219
138,105
138,433
138,434
138,146
138,51
138,149
138,619
138,100
138,302
138,553
138,626
138,163
138,440
138,783
138,856
138,445
138,937
138,177
138,859
138,452
138,134
138,131
138,133
138,561
138,522
138,766
138,462
138,466
138,468
138,120
138,119
138,470
138,474
138,638
138,253
138,771
138,487
138,41
138,28
138,883
138,922
138,905
138,497
138,498
138,871
138,139
138,502
264,363
264,365
264,684
264,435
264,616
264,834
264,100
264,835
264,444
264,631
264,455
264,787
264,699
264,250
264,125
264,408
264,409
264,674
264,675
264,718
264,720
264,726
388,191
388,850
388,998
388,33
388,29
388,877
388,474
388,639
388,92
332,670
332,660
332,614
332,853
332,994
332,754
332,756
332,458
332,560
332,731
332,771
332,125
332,530
332,645
332,995
332,847
24,542
24,966
24,38
24,248
24,941
24,549
24,465
24,744
24,92
24,115
24,586
24,972
124,998
124,949
124,240
124,968
124,1011
124,750
124,562
124,759
124,6
124,821
124,917
381,910
381,55
381,51
381,790
381,665
381,766
381,468
381,1015
381,639
381,402
381,803
381,1016
39,779
39,433
39,435
39,1017
39,755
39,134
39,133
39,455
39,378
39,457
39,380
39,381
39,346
39,458
39,459
39,464
39,474
39,771
39,125
39,403
39,405
39,408
39,493
39,503
413,430
413,303
413,111
413,613
413,219
413,30
413,51
413,689
413,881
413,781
413,625
413,765
413,859
413,595
413,466
413,121
413,119
413,732
413,28
413,554
413,190
413,845
413,655
413,1018
413,933
570,432
570,1019
570,559
570,376
570,455
570,390
570,394
570,982
570,408
570,828
570,330
570,532
570,589
570,668
173,890
173,550
173,302
173,187
173,835
173,437
173,961
173,8
173,392
173,465
173,344
173,962
173,400
173,491
173,927
173,213
173,947
173,650
158,512
158,999
158,1009
158,516
158,373
158,444
158,750
158,559
158,562
158,595
158,696
158,262
158,385
158,920
158,465
158,581
158,264
158,1020
167,614
167,140
167,458
167,460
167,562
167,385
167,465
167,345
167,529
167,94
167,587
167,589
366,730
366,71
366,631
366,378
366,383
366,698
366,768
366,738
366,344
366,637
366,706
366,883
366,640
366,408
366,409
366,981
366,898
