disease,protein
48,0
231,0
279,0
349,0
48,1
113,1
114,1
130,1
231,1
332,1
33,2
34,2
39,2
180,2
258,2
299,2
319,2
323,2
332,3
332,4
19,5
104,5
105,5
113,5
114,5
224,5
237,5
331,5
8,6
17,6
51,6
53,6
79,6
80,6
113,6
114,6
183,6
224,6
248,6
293,6
313,6
322,6
332,6
350,6
352,6
121,7
135,7
251,7
260,7
309,7
332,7
19,8
33,8
34,8
44,8
46,8
51,8
53,8
82,8
91,8
104,8
105,8
115,8
135,8
178,8
224,8
237,8
248,8
252,8
262,8
293,8
309,8
313,8
331,8
332,8
350,8
352,8
33,9
34,9
85,9
127,9
178,9
252,9
260,9
332,9
363,9
19,10
33,10
34,10
44,10
51,10
53,10
91,10
104,10
105,10
115,10
135,10
178,10
237,10
248,10
293,10
309,10
313,10
331,10
332,10
350,10
352,10
33,11
34,11
162,11
163,11
178,11
343,11
33,12
34,12
46,12
162,12
163,12
231,12
343,12
8,13
13,13
17,13
19,13
31,13
33,13
34,13
44,13
46,13
51,13
53,13
69,13
79,13
80,13
82,13
85,13
91,13
104,13
105,13
115,13
130,13
135,13
171,13
178,13
183,13
215,13
216,13
217,13
224,13
225,13
237,13
248,13
251,13
252,13
262,13
279,13
284,13
293,13
294,13
309,13
313,13
322,13
331,13
332,13
349,13
350,13
352,13
15,14
19,14
33,14
34,14
44,14
46,14
51,14
53,14
69,14
82,14
85,14
104,14
105,14
113,14
114,14
121,14
130,14
135,14
162,14
163,14
178,14
183,14
185,14
186,14
223,14
237,14
248,14
252,14
293,14
309,14
313,14
322,14
331,14
332,14
343,14
347,14
352,14
358,14
359,14
362,14
8,15
17,15
28,15
31,15
33,15
34,15
113,15
114,15
185,15
186,15
279,15
349,15
350,15
33,16
34,16
85,16
135,16
224,16
309,16
15,17
19,17
28,17
33,17
34,17
44,17
46,17
51,17
53,17
69,17
79,17
80,17
82,17
85,17
91,17
104,17
105,17
130,17
135,17
162,17
163,17
178,17
235,17
237,17
248,17
252,17
293,17
309,17
313,17
331,17
332,17
343,17
350,17
352,17
33,18
34,18
44,18
46,18
113,18
114,18
135,18
183,18
309,18
322,18
332,18
350,18
258,19
33,20
34,20
46,20
46,20
51,20
51,20
53,20
53,20
135,20
248,20
248,20
252,20
293,20
293,20
309,20
313,20
313,20
350,20
352,20
352,20
19,21
31,21
33,21
34,21
44,21
46,21
48,21
69,21
79,21
80,21
85,21
98,21
104,21
105,21
113,21
114,21
115,21
121,21
131,21
135,21
145,21
178,21
183,21
224,21
235,21
237,21
245,21
252,21
260,21
269,21
294,21
309,21
322,21
331,21
332,21
340,21
347,21
350,21
358,21
359,21
362,21
224,22
350,22
51,23
53,23
248,23
293,23
313,23
352,23
130,24
135,24
309,24
8,25
13,25
17,25
28,25
33,25
34,25
44,25
46,25
48,25
51,25
53,25
69,25
79,25
80,25
82,25
91,25
98,25
101,25
113,25
114,25
115,25
130,25
135,25
145,25
178,25
183,25
231,25
248,25
251,25
269,25
279,25
293,25
305,25
309,25
313,25
322,25
332,25
349,25
350,25
352,25
113,26
114,26
164,26
33,27
34,27
185,27
186,27
19,28
33,28
34,28
85,28
101,28
104,28
105,28
113,28
114,28
162,28
163,28
185,28
186,28
224,28
237,28
331,28
343,28
44,29
79,29
80,29
85,29
145,29
183,29
252,29
269,29
320,29
322,29
332,29
350,29
85,30
130,30
180,30
332,30
28,31
31,31
185,31
186,31
223,31
31,32
224,32
33,33
34,33
51,33
53,33
69,33
130,33
135,33
138,33
160,33
178,33
248,33
252,33
293,33
309,33
313,33
352,33
8,34
17,34
33,34
34,34
51,34
53,34
101,34
113,34
114,34
135,34
147,34
248,34
252,34
293,34
309,34
313,34
332,34
350,34
352,34
31,35
113,35
114,35
224,36
44,37
178,38
85,39
69,40
121,40
130,40
33,41
34,41
127,41
19,42
85,42
104,42
105,42
113,42
114,42
135,42
138,42
178,42
237,42
309,42
331,42
332,42
350,42
85,43
113,43
114,43
138,43
85,44
138,44
183,44
252,44
322,44
19,45
79,45
80,45
82,45
85,45
104,45
105,45
113,45
114,45
130,45
135,45
173,45
203,45
204,45
237,45
252,45
309,45
331,45
332,45
340,45
79,46
80,46
85,46
332,46
340,46
44,47
183,47
224,47
322,47
332,47
332,48
15,49
19,49
82,49
85,49
98,49
104,49
105,49
113,49
114,49
130,49
135,49
173,49
203,49
204,49
237,49
252,49
309,49
331,49
332,49
340,49
19,50
33,50
34,50
44,50
46,50
48,50
51,50
53,50
69,50
85,50
101,50
104,50
105,50
113,50
114,50
120,50
130,50
135,50
183,50
224,50
237,50
245,50
248,50
252,50
293,50
309,50
313,50
322,50
331,50
332,50
350,50
352,50
28,51
113,51
114,51
183,51
231,51
234,51
322,51
332,51
350,51
113,52
114,52
121,52
262,52
15,53
33,53
34,53
135,53
180,53
309,53
33,54
34,54
51,54
53,54
98,54
225,54
248,54
252,54
293,54
313,54
352,54
19,55
28,55
82,55
85,55
98,55
104,55
105,55
113,55
114,55
130,55
135,55
173,55
203,55
204,55
237,55
252,55
309,55
331,55
332,55
340,55
28,56
121,56
173,56
178,56
182,56
223,56
305,56
332,56
121,57
173,57
1,58
8,58
17,58
19,58
44,58
48,58
51,58
53,58
69,58
78,58
85,58
93,58
94,58
98,58
101,58
104,58
105,58
113,58
114,58
121,58
122,58
130,58
135,58
147,58
150,58
178,58
183,58
215,58
216,58
217,58
232,58
235,58
237,58
245,58
246,58
248,58
252,58
258,58
260,58
279,58
282,58
293,58
301,58
305,58
309,58
311,58
313,58
322,58
331,58
332,58
340,58
347,58
349,58
350,58
352,58
358,58
359,58
362,58
19,59
48,59
104,59
105,59
237,59
331,59
19,60
104,60
105,60
121,60
237,60
331,60
350,60
33,61
34,61
46,61
131,61
135,61
203,61
204,61
252,61
309,61
101,62
135,62
162,62
163,62
252,62
309,62
332,62
343,62
185,63
186,63
51,64
53,64
248,64
293,64
313,64
352,64
135,65
309,65
183,66
322,66
28,67
51,67
53,67
69,67
248,67
293,67
313,67
352,67
28,68
51,68
53,68
185,68
186,68
248,68
293,68
313,68
352,68
178,69
28,70
33,70
34,70
51,70
53,70
69,70
127,70
180,70
248,70
252,70
293,70
313,70
352,70
51,71
53,71
152,71
223,71
248,71
293,71
305,71
313,71
352,71
127,72
51,73
53,73
71,73
121,73
162,73
163,73
248,73
279,73
293,73
313,73
332,73
343,73
349,73
350,73
352,73
8,74
17,74
51,74
53,74
185,74
186,74
248,74
293,74
313,74
352,74
353,74
33,75
34,75
51,75
53,75
127,75
162,75
163,75
185,75
186,75
248,75
293,75
313,75
343,75
352,75
33,76
34,76
48,76
51,76
53,76
113,76
114,76
127,76
135,76
160,76
162,76
163,76
185,76
186,76
248,76
293,76
309,76
313,76
343,76
352,76
353,76
33,77
34,77
51,77
53,77
180,77
248,77
293,77
313,77
352,77
33,78
34,78
51,78
53,78
101,78
185,78
186,78
248,78
293,78
313,78
352,78
28,79
33,79
34,79
44,79
51,79
53,79
248,79
293,79
313,79
352,79
33,80
34,80
44,81
113,81
114,81
180,81
350,81
19,82
33,82
34,82
51,82
53,82
104,82
105,82
180,82
237,82
248,82
262,82
293,82
313,82
320,82
331,82
350,82
352,82
353,82
8,83
17,83
19,83
28,83
31,83
33,83
34,83
44,83
46,83
48,83
51,83
53,83
63,83
82,83
85,83
101,83
104,83
105,83
113,83
114,83
121,83
122,83
135,83
138,83
145,83
147,83
178,83
182,83
183,83
224,83
237,83
245,83
248,83
251,83
252,83
260,83
269,83
293,83
309,83
313,83
322,83
331,83
332,83
347,83
350,83
352,83
358,83
359,83
362,83
19,84
33,84
34,84
51,84
53,84
82,84
85,84
104,84
105,84
113,84
114,84
122,84
183,84
237,84
248,84
293,84
313,84
322,84
331,84
332,84
350,84
352,84
8,85
13,85
17,85
19,85
31,85
33,85
34,85
44,85
46,85
48,85
51,85
53,85
69,85
79,85
80,85
82,85
85,85
91,85
98,85
101,85
104,85
105,85
113,85
114,85
121,85
130,85
135,85
138,85
145,85
147,85
183,85
218,85
224,85
237,85
248,85
252,85
260,85
269,85
279,85
293,85
305,85
309,85
313,85
322,85
331,85
332,85
347,85
349,85
350,85
352,85
358,85
359,85
362,85
113,86
114,86
135,86
252,86
309,86
332,86
183,87
322,87
332,87
350,87
79,88
80,88
332,88
51,89
53,89
113,89
114,89
135,89
248,89
252,89
293,89
309,89
313,89
332,89
352,89
28,90
33,90
34,90
51,90
53,90
85,90
115,90
135,90
183,90
248,90
293,90
309,90
313,90
322,90
332,90
352,90
15,91
33,91
34,91
44,91
48,91
51,91
53,91
85,91
113,91
114,91
120,91
130,91
135,91
183,91
203,91
204,91
248,91
252,91
260,91
262,91
293,91
309,91
313,91
322,91
332,91
347,91
350,91
352,91
358,91
359,91
362,91
19,92
33,92
34,92
44,92
46,92
48,92
51,92
53,92
79,92
80,92
82,92
85,92
91,92
98,92
104,92
105,92
113,92
114,92
121,92
130,92
135,92
178,92
183,92
225,92
237,92
248,92
252,92
293,92
309,92
313,92
320,92
322,92
331,92
332,92
347,92
350,92
352,92
358,92
359,92
362,92
350,93
33,94
34,94
51,94
53,94
248,94
293,94
313,94
352,94
33,95
34,95
122,95
127,95
162,95
163,95
185,95
186,95
262,95
343,95
127,96
178,96
183,96
205,96
305,96
319,96
322,96
323,96
347,96
358,96
359,96
362,96
350,97
33,98
34,98
44,98
305,99
8,100
17,100
19,100
31,100
33,100
34,100
79,100
80,100
82,100
85,100
91,100
98,100
104,100
105,100
178,100
225,100
232,100
237,100
260,100
262,100
331,100
332,100
347,100
350,100
358,100
359,100
362,100
48,101
152,102
162,102
163,102
343,102
46,103
121,103
122,103
127,103
162,103
163,103
185,103
186,103
343,103
252,104
340,104
350,104
19,105
31,105
69,105
85,105
98,105
104,105
105,105
113,105
114,105
130,105
135,105
237,105
252,105
309,105
331,105
332,105
340,105
350,105
109,106
113,107
114,107
252,107
350,107
31,108
33,108
34,108
69,108
126,108
127,108
231,108
332,108
31,109
33,109
34,109
69,109
113,109
114,109
126,109
127,109
231,109
332,109
350,109
6,110
252,110
332,110
224,111
44,112
79,112
80,112
135,112
252,112
309,112
332,112
8,113
17,113
71,113
98,113
113,113
114,113
183,113
224,113
279,113
322,113
332,113
347,113
349,113
358,113
359,113
362,113
19,114
44,114
82,114
85,114
104,114
105,114
113,114
114,114
122,114
135,114
145,114
178,114
183,114
212,114
237,114
251,114
252,114
269,114
309,114
322,114
331,114
332,114
347,114
350,114
358,114
359,114
362,114
44,115
46,115
85,115
98,115
113,115
114,115
130,115
135,115
147,115
224,115
252,115
279,115
309,115
332,115
349,115
350,115
44,116
183,116
252,116
322,116
19,117
33,117
34,117
44,117
46,117
48,117
51,117
53,117
85,117
98,117
104,117
105,117
113,117
114,117
115,117
183,117
224,117
237,117
248,117
252,117
260,117
262,117
293,117
305,117
313,117
322,117
331,117
332,117
350,117
352,117
13,118
19,118
28,118
33,118
34,118
44,118
46,118
48,118
51,118
53,118
79,118
80,118
82,118
85,118
98,118
104,118
105,118
113,118
114,118
130,118
135,118
183,118
215,118
216,118
217,118
224,118
232,118
235,118
237,118
248,118
252,118
262,118
293,118
309,118
313,118
322,118
331,118
332,118
340,118
347,118
350,118
352,118
358,118
359,118
362,118
19,119
33,119
34,119
44,119
48,119
51,119
53,119
85,119
98,119
104,119
105,119
113,119
114,119
121,119
183,119
237,119
248,119
252,119
260,119
262,119
293,119
305,119
313,119
322,119
331,119
332,119
350,119
352,119
19,120
104,120
105,120
113,120
114,120
237,120
331,120
33,121
34,121
183,121
252,121
322,121
127,122
135,122
309,122
332,122
252,123
279,123
332,123
349,123
19,124
98,124
104,124
105,124
237,124
331,124
332,124
33,125
34,125
82,125
332,126
31,127
262,127
19,128
44,128
79,128
80,128
82,128
85,128
91,128
104,128
105,128
121,128
122,128
130,128
145,128
183,128
237,128
269,128
322,128
331,128
350,128
19,129
46,129
48,129
51,129
53,129
104,129
105,129
113,129
114,129
135,129
183,129
224,129
237,129
245,129
248,129
251,129
252,129
279,129
293,129
309,129
313,129
322,129
331,129
332,129
349,129
352,129
28,130
44,130
46,130
48,130
51,130
53,130
135,130
145,130
164,130
183,130
248,130
252,130
269,130
293,130
294,130
309,130
313,130
322,130
332,130
352,130
19,131
28,131
33,131
34,131
51,131
53,131
104,131
105,131
237,131
248,131
252,131
293,131
313,131
331,131
332,131
352,131
28,132
44,132
46,132
48,132
51,132
53,132
69,132
79,132
80,132
85,132
91,132
113,132
114,132
135,132
138,132
147,132
183,132
248,132
251,132
293,132
309,132
313,132
320,132
322,132
332,132
350,132
352,132
8,133
15,133
17,133
19,133
28,133
31,133
33,133
34,133
44,133
46,133
48,133
51,133
53,133
78,133
79,133
80,133
82,133
85,133
91,133
98,133
104,133
105,133
113,133
114,133
121,133
130,133
135,133
138,133
145,133
147,133
162,133
163,133
178,133
183,133
215,133
216,133
217,133
223,133
224,133
237,133
248,133
251,133
260,133
262,133
269,133
293,133
309,133
313,133
322,133
331,133
332,133
343,133
347,133
350,133
352,133
358,133
359,133
362,133
44,134
51,134
53,134
183,134
248,134
293,134
313,134
322,134
352,134
8,135
15,135
17,135
33,135
34,135
46,135
51,135
53,135
91,135
130,135
183,135
224,135
231,135
248,135
252,135
293,135
313,135
322,135
332,135
350,135
352,135
19,136
44,136
46,136
48,136
51,136
53,136
69,136
79,136
80,136
85,136
91,136
98,136
101,136
104,136
105,136
113,136
114,136
122,136
130,136
135,136
138,136
147,136
183,136
224,136
237,136
246,136
248,136
251,136
252,136
293,136
309,136
313,136
322,136
331,136
332,136
347,136
350,136
352,136
358,136
359,136
362,136
33,137
34,137
51,137
53,137
135,137
162,137
163,137
248,137
293,137
309,137
313,137
343,137
350,137
352,137
15,138
33,138
34,138
305,138
350,138
33,139
34,139
51,139
53,139
135,139
138,139
162,139
163,139
248,139
252,139
293,139
309,139
313,139
343,139
352,139
1,140
33,140
34,140
46,140
51,140
53,140
85,140
101,140
135,140
138,140
162,140
163,140
185,140
186,140
248,140
252,140
293,140
309,140
313,140
332,140
343,140
352,140
44,141
79,141
80,141
224,141
225,141
332,141
332,142
33,143
34,143
69,143
135,143
138,143
252,143
309,143
332,143
350,143
19,144
44,144
48,144
79,144
80,144
93,144
94,144
101,144
104,144
105,144
113,144
114,144
130,144
183,144
224,144
237,144
279,144
301,144
305,144
311,144
322,144
331,144
332,144
349,144
350,144
33,145
34,145
183,145
322,145
51,146
53,146
113,146
114,146
130,146
248,146
293,146
313,146
352,146
51,147
53,147
248,147
252,147
293,147
313,147
332,147
352,147
19,148
44,148
48,148
51,148
53,148
79,148
80,148
93,148
94,148
101,148
104,148
105,148
113,148
114,148
130,148
162,148
163,148
183,148
224,148
237,148
248,148
279,148
293,148
301,148
305,148
313,148
322,148
331,148
332,148
343,148
349,148
350,148
352,148
28,149
33,149
34,149
279,149
332,149
349,149
33,150
34,150
44,150
69,150
82,150
91,150
113,150
114,150
130,150
135,150
162,150
163,150
183,150
252,150
279,150
309,150
322,150
332,150
343,150
349,150
350,150
82,151
91,151
113,151
114,151
252,151
332,151
350,151
1,152
33,152
34,152
44,152
46,152
48,152
51,152
53,152
85,152
113,152
114,152
135,152
138,152
160,152
248,152
252,152
293,152
309,152
313,152
320,152
332,152
350,152
352,152
1,153
48,153
85,153
98,153
135,153
138,153
178,153
252,153
309,153
332,153
1,154
33,154
34,154
46,154
48,154
69,154
121,154
135,154
138,154
224,154
252,154
309,154
332,154
33,155
34,155
51,155
53,155
162,155
163,155
185,155
186,155
248,155
293,155
313,155
343,155
352,155
33,156
34,156
51,156
53,156
248,156
293,156
313,156
332,156
352,156
44,157
51,157
53,157
113,157
114,157
162,157
163,157
248,157
279,157
293,157
313,157
332,157
343,157
349,157
352,157
1,158
33,158
34,158
51,158
53,158
185,158
186,158
248,158
293,158
313,158
352,158
33,159
34,159
51,159
53,159
248,159
293,159
313,159
352,159
51,160
53,160
248,160
293,160
313,160
332,160
352,160
33,161
34,161
185,161
186,161
33,162
34,162
51,162
53,162
127,162
162,162
163,162
185,162
186,162
248,162
252,162
293,162
313,162
343,162
352,162
33,163
34,163
51,163
53,163
185,163
186,163
248,163
252,163
293,163
294,163
313,163
352,163
31,164
33,164
34,164
51,164
53,164
121,164
127,164
162,164
163,164
185,164
186,164
231,164
248,164
252,164
293,164
313,164
332,164
343,164
352,164
33,165
34,165
51,165
53,165
127,165
162,165
163,165
185,165
186,165
248,165
293,165
313,165
343,165
352,165
231,166
162,167
163,167
183,167
322,167
343,167
350,168
262,169
85,170
113,170
114,170
135,170
138,170
251,170
252,170
309,170
19,171
33,171
34,171
44,171
51,171
53,171
79,171
80,171
85,171
91,171
98,171
104,171
105,171
113,171
114,171
130,171
135,171
138,171
183,171
185,171
186,171
237,171
248,171
252,171
293,171
309,171
313,171
320,171
322,171
331,171
332,171
352,171
33,172
34,172
48,172
51,172
53,172
98,172
113,172
114,172
135,172
224,172
248,172
252,172
293,172
309,172
313,172
332,172
352,172
33,173
34,173
252,173
332,173
19,174
28,174
33,174
34,174
51,174
53,174
104,174
105,174
183,174
224,174
237,174
248,174
252,174
293,174
313,174
322,174
331,174
350,174
352,174
28,175
51,175
53,175
248,175
293,175
313,175
332,175
352,175
8,176
17,176
19,176
48,176
51,176
53,176
104,176
105,176
113,176
114,176
122,176
135,176
164,176
168,176
182,176
183,176
237,176
248,176
260,176
279,176
293,176
309,176
313,176
322,176
331,176
347,176
349,176
350,176
352,176
358,176
359,176
362,176
33,177
34,177
46,177
51,177
53,177
183,177
248,177
293,177
313,177
322,177
352,177
19,178
33,178
34,178
48,178
51,178
53,178
104,178
105,178
113,178
114,178
135,178
145,178
147,178
183,178
237,178
248,178
252,178
260,178
262,178
269,178
293,178
309,178
313,178
322,178
331,178
350,178
352,178
15,179
33,179
34,179
51,179
53,179
135,179
162,179
163,179
185,179
186,179
248,179
262,179
293,179
309,179
313,179
343,179
352,179
353,179
33,180
34,180
51,180
53,180
135,180
164,180
248,180
262,180
293,180
309,180
313,180
332,180
352,180
33,181
34,181
51,181
53,181
113,181
114,181
135,181
185,181
186,181
248,181
262,181
293,181
309,181
313,181
352,181
15,182
33,182
34,182
44,182
46,182
51,182
53,182
135,182
185,182
186,182
248,182
262,182
293,182
309,182
313,182
352,182
33,183
34,183
51,183
53,183
135,183
248,183
293,183
309,183
313,183
352,183
33,184
34,184
48,184
51,184
53,184
127,184
135,184
162,184
163,184
185,184
186,184
248,184
293,184
309,184
313,184
343,184
352,184
51,185
53,185
248,185
293,185
313,185
352,185
33,186
34,186
51,186
53,186
85,186
135,186
162,186
163,186
183,186
248,186
293,186
309,186
313,186
322,186
332,186
343,186
352,186
19,187
46,187
104,187
105,187
237,187
331,187
33,188
34,188
46,188
85,188
113,188
114,188
178,188
28,189
85,189
121,189
122,189
126,189
180,189
224,189
350,189
33,190
34,190
51,190
53,190
85,190
113,190
114,190
135,190
162,190
163,190
183,190
248,190
293,190
309,190
313,190
322,190
332,190
343,190
350,190
352,190
113,191
114,191
305,191
135,192
309,192
48,193
113,193
114,193
33,194
34,194
85,194
135,194
162,194
163,194
309,194
343,194
113,195
114,195
135,195
183,195
224,195
309,195
322,195
350,195
113,196
114,196
69,197
135,197
309,197
113,198
114,198
350,198
145,199
269,199
332,199
350,199
82,200
332,200
28,201
91,201
113,201
114,201
130,201
138,201
145,201
182,201
231,201
251,201
269,201
311,201
332,201
121,202
130,202
138,202
183,202
231,202
322,202
332,202
44,203
135,203
183,203
309,203
322,203
350,203
113,204
114,204
121,205
130,205
135,205
138,205
231,205
309,205
46,206
31,207
69,207
126,207
127,207
231,207
332,207
31,208
69,208
126,208
127,208
231,208
332,208
19,209
85,209
104,209
105,209
113,209
114,209
224,209
237,209
252,209
331,209
332,209
19,210
28,210
31,210
33,210
34,210
44,210
46,210
48,210
51,210
53,210
69,210
79,210
80,210
82,210
85,210
98,210
101,210
104,210
105,210
113,210
114,210
130,210
131,210
135,210
138,210
147,210
183,210
185,210
186,210
224,210
237,210
245,210
246,210
248,210
251,210
252,210
262,210
279,210
293,210
305,210
309,210
311,210
313,210
322,210
331,210
332,210
340,210
347,210
349,210
350,210
352,210
358,210
359,210
362,210
19,211
28,211
31,211
33,211
34,211
38,211
44,211
46,211
48,211
51,211
53,211
69,211
71,211
79,211
80,211
82,211
85,211
98,211
101,211
104,211
105,211
113,211
114,211
127,211
130,211
131,211
135,211
138,211
147,211
150,211
178,211
183,211
185,211
186,211
224,211
234,211
237,211
245,211
246,211
248,211
251,211
252,211
262,211
279,211
293,211
305,211
309,211
311,211
313,211
320,211
322,211
331,211
332,211
340,211
347,211
349,211
350,211
352,211
358,211
359,211
362,211
19,212
21,212
28,212
31,212
33,212
34,212
44,212
46,212
48,212
51,212
53,212
69,212
79,212
80,212
82,212
85,212
98,212
101,212
104,212
105,212
113,212
114,212
130,212
131,212
135,212
138,212
147,212
183,212
185,212
186,212
224,212
237,212
245,212
246,212
248,212
251,212
252,212
262,212
279,212
293,212
305,212
309,212
311,212
313,212
322,212
331,212
332,212
340,212
347,212
349,212
350,212
352,212
358,212
359,212
362,212
28,213
85,213
113,213
114,213
135,213
162,213
163,213
183,213
185,213
186,213
252,213
309,213
322,213
343,213
85,214
252,214
332,214
350,214
28,215
44,215
98,215
113,215
114,215
135,215
183,215
252,215
279,215
309,215
322,215
332,215
349,215
350,215
19,216
28,216
31,216
33,216
34,216
44,216
46,216
48,216
51,216
53,216
85,216
101,216
104,216
105,216
113,216
114,216
135,216
162,216
163,216
183,216
185,216
186,216
224,216
237,216
248,216
252,216
293,216
309,216
313,216
322,216
331,216
332,216
340,216
343,216
347,216
350,216
352,216
358,216
359,216
362,216
113,217
114,217
332,217
332,218
350,218
31,219
69,219
126,219
127,219
231,219
332,219
28,220
33,220
34,220
51,220
53,220
248,220
293,220
313,220
352,220
252,221
8,222
17,222
19,222
48,222
85,222
104,222
105,222
113,222
114,222
138,222
145,222
183,222
224,222
237,222
252,222
269,222
322,222
331,222
350,222
44,223
51,223
53,223
171,223
178,223
183,223
248,223
284,223
293,223
313,223
322,223
332,223
350,223
352,223
19,224
48,224
85,224
104,224
105,224
113,224
114,224
168,224
237,224
246,224
252,224
311,224
331,224
350,224
19,225
104,225
105,225
130,225
237,225
252,225
311,225
331,225
350,225
252,226
85,227
19,228
48,228
85,228
104,228
105,228
113,228
114,228
135,228
237,228
252,228
309,228
331,228
350,228
19,229
48,229
51,229
53,229
85,229
96,229
104,229
105,229
113,229
114,229
130,229
145,229
183,229
224,229
237,229
248,229
252,229
269,229
293,229
313,229
322,229
331,229
347,229
350,229
352,229
358,229
359,229
362,229
19,230
33,230
34,230
44,230
46,230
48,230
79,230
80,230
82,230
91,230
98,230
104,230
105,230
108,230
113,230
114,230
131,230
135,230
147,230
183,230
235,230
237,230
245,230
252,230
260,230
279,230
309,230
322,230
331,230
332,230
340,230
347,230
349,230
350,230
358,230
359,230
362,230
19,231
44,231
98,231
104,231
105,231
113,231
114,231
178,231
183,231
224,231
237,231
252,231
322,231
331,231
350,231
113,232
114,232
183,232
322,232
130,233
183,233
305,233
322,233
44,234
350,234
33,235
34,235
51,235
53,235
78,235
130,235
248,235
293,235
305,235
313,235
352,235
33,236
34,236
51,236
53,236
115,236
183,236
248,236
260,236
293,236
313,236
322,236
352,236
44,237
120,237
183,237
322,237
332,238
33,239
34,239
135,239
252,239
309,239
332,239
15,240
33,240
34,240
46,240
51,240
53,240
69,240
135,240
162,240
163,240
224,240
248,240
252,240
293,240
309,240
313,240
343,240
352,240
19,241
63,241
104,241
105,241
113,241
114,241
185,241
186,241
224,241
235,241
237,241
252,241
331,241
33,242
34,242
51,242
53,242
180,242
185,242
186,242
248,242
293,242
313,242
332,242
352,242
33,243
34,243
251,243
19,244
28,244
33,244
34,244
44,244
91,244
104,244
105,244
113,244
114,244
122,244
135,244
180,244
185,244
186,244
237,244
309,244
331,244
332,244
350,244
19,245
44,245
79,245
80,245
104,245
105,245
113,245
114,245
131,245
183,245
224,245
237,245
322,245
331,245
340,245
350,245
252,246
350,246
19,247
44,247
48,247
69,247
78,247
85,247
104,247
105,247
113,247
114,247
127,247
130,247
135,247
178,247
183,247
237,247
252,247
260,247
309,247
322,247
331,247
350,247
31,248
69,248
85,248
126,248
127,248
231,248
332,248
19,249
33,249
34,249
46,249
51,249
53,249
104,249
105,249
113,249
114,249
121,249
135,249
180,249
185,249
186,249
237,249
248,249
252,249
293,249
309,249
313,249
331,249
332,249
352,249
33,250
34,250
44,250
51,250
53,250
135,250
248,250
252,250
293,250
309,250
313,250
352,250
33,251
34,251
51,251
53,251
248,251
293,251
313,251
352,251
113,252
114,252
85,253
113,253
114,253
218,253
350,253
31,254
33,254
34,254
46,254
71,254
113,254
114,254
121,254
130,254
178,254
185,254
186,254
252,254
33,255
34,255
121,255
231,255
33,256
34,256
46,256
48,256
113,256
114,256
231,256
46,257
224,257
332,257
19,258
104,258
105,258
131,258
237,258
331,258
113,259
114,259
130,259
131,259
162,259
163,259
178,259
185,259
186,259
224,259
252,259
343,259
48,260
113,260
114,260
350,260
46,261
79,261
80,261
85,261
91,261
113,261
114,261
131,261
135,261
224,261
309,261
332,261
347,261
350,261
358,261
359,261
362,261
19,262
27,262
28,262
44,262
46,262
48,262
51,262
53,262
78,262
82,262
101,262
104,262
105,262
131,262
135,262
150,262
178,262
182,262
183,262
190,262
224,262
237,262
248,262
251,262
260,262
262,262
293,262
309,262
313,262
322,262
331,262
332,262
347,262
350,262
352,262
358,262
359,262
362,262
33,263
34,263
85,263
113,263
114,263
135,263
309,263
332,263
135,264
160,264
309,264
332,264
33,265
34,265
46,265
51,265
53,265
135,265
248,265
252,265
260,265
293,265
309,265
313,265
332,265
350,265
352,265
1,266
33,266
34,266
46,266
135,266
162,266
163,266
309,266
343,266
1,267
28,267
33,267
34,267
51,267
53,267
135,267
248,267
293,267
309,267
313,267
332,267
352,267
33,268
34,268
46,268
135,268
309,268
332,268
121,269
252,269
51,270
53,270
183,270
248,270
293,270
313,270
322,270
332,270
352,270
162,271
163,271
343,271
332,272
121,273
113,274
114,274
145,274
269,274
332,274
28,275
33,275
34,275
51,275
53,275
121,275
173,275
180,275
223,275
248,275
293,275
313,275
352,275
28,276
33,276
34,276
51,276
53,276
135,276
162,276
163,276
185,276
186,276
248,276
252,276
293,276
309,276
313,276
332,276
343,276
352,276
353,276
28,277
33,277
34,277
51,277
53,277
162,277
163,277
185,277
186,277
248,277
293,277
313,277
343,277
352,277
33,278
34,278
51,278
53,278
127,278
162,278
163,278
185,278
186,278
248,278
293,278
313,278
343,278
352,278
33,279
34,279
44,279
51,279
53,279
127,279
135,279
162,279
163,279
180,279
183,279
185,279
186,279
248,279
293,279
309,279
313,279
322,279
343,279
347,279
352,279
353,279
358,279
359,279
362,279
19,280
28,280
31,280
33,280
34,280
44,280
46,280
48,280
51,280
53,280
63,280
71,280
78,280
79,280
80,280
82,280
85,280
98,280
104,280
105,280
113,280
114,280
115,280
130,280
135,280
164,280
178,280
183,280
224,280
225,280
231,280
237,280
248,280
251,280
252,280
279,280
293,280
309,280
311,280
313,280
320,280
322,280
331,280
332,280
349,280
350,280
352,280
28,281
85,281
135,281
309,281
332,281
28,282
44,282
46,282
48,282
51,282
53,282
71,282
82,282
85,282
113,282
114,282
121,282
130,282
135,282
145,282
183,282
224,282
248,282
252,282
269,282
279,282
293,282
309,282
311,282
313,282
320,282
322,282
332,282
347,282
349,282
350,282
352,282
358,282
359,282
362,282
79,283
80,283
82,283
85,283
113,283
114,283
130,283
138,283
252,283
332,283
48,284
79,284
80,284
85,284
183,284
322,284
332,284
350,284
19,285
44,285
101,285
104,285
105,285
237,285
331,285
332,285
8,286
17,286
19,286
33,286
34,286
44,286
48,286
51,286
53,286
79,286
80,286
82,286
85,286
101,286
104,286
105,286
113,286
114,286
121,286
130,286
135,286
162,286
163,286
164,286
178,286
180,286
183,286
185,286
186,286
224,286
231,286
237,286
248,286
252,286
293,286
305,286
309,286
311,286
313,286
322,286
331,286
332,286
343,286
350,286
352,286
225,287
33,288
34,288
44,288
69,288
135,288
309,288
332,288
347,288
358,288
359,288
362,288
33,289
34,289
44,289
79,289
80,289
82,289
113,289
114,289
130,289
135,289
178,289
183,289
252,289
309,289
322,289
332,289
19,290
28,290
33,290
34,290
44,290
104,290
105,290
183,290
223,290
237,290
252,290
305,290
322,290
331,290
332,290
19,291
33,291
34,291
48,291
104,291
105,291
237,291
331,291
15,292
28,292
51,292
53,292
121,292
126,292
183,292
248,292
262,292
293,292
313,292
322,292
352,292
33,293
34,293
51,293
53,293
203,293
204,293
248,293
252,293
293,293
313,293
352,293
19,294
33,294
34,294
51,294
53,294
104,294
105,294
135,294
162,294
163,294
185,294
186,294
237,294
248,294
262,294
293,294
309,294
313,294
331,294
343,294
352,294
353,294
33,295
34,295
51,295
53,295
248,295
293,295
313,295
352,295
135,296
309,296
33,297
34,297
51,297
53,297
113,297
114,297
248,297
293,297
313,297
350,297
352,297
332,298
350,298
147,299
183,299
322,299
332,299
8,300
11,300
17,300
19,300
21,300
27,300
28,300
31,300
33,300
34,300
44,300
46,300
48,300
51,300
53,300
69,300
71,300
78,300
79,300
80,300
82,300
85,300
91,300
98,300
101,300
104,300
105,300
121,300
130,300
135,300
147,300
162,300
163,300
164,300
178,300
182,300
190,300
225,300
231,300
237,300
246,300
248,300
251,300
252,300
260,300
262,300
293,300
305,300
309,300
313,300
331,300
332,300
343,300
347,300
350,300
352,300
358,300
359,300
362,300
113,301
114,301
245,301
340,301
224,302
8,303
17,303
19,303
44,303
48,303
51,303
53,303
85,303
104,303
105,303
113,303
114,303
115,303
135,303
138,303
164,303
178,303
183,303
185,303
186,303
224,303
237,303
245,303
248,303
252,303
279,303
293,303
309,303
313,303
322,303
331,303
332,303
347,303
349,303
350,303
352,303
358,303
359,303
362,303
44,304
135,304
309,304
13,305
28,305
33,305
34,305
48,305
51,305
53,305
82,305
85,305
135,305
145,305
171,305
178,305
182,305
225,305
248,305
251,305
269,305
284,305
293,305
305,305
309,305
313,305
332,305
350,305
352,305
48,306
115,306
178,306
222,306
252,306
332,306
19,307
71,307
85,307
104,307
105,307
113,307
114,307
231,307
237,307
279,307
331,307
332,307
349,307
19,308
31,308
48,308
85,308
101,308
104,308
105,308
113,308
114,308
130,308
135,308
183,308
185,308
186,308
224,308
237,308
252,308
279,308
309,308
311,308
322,308
331,308
332,308
349,308
350,308
28,309
33,309
34,309
51,309
53,309
248,309
293,309
313,309
352,309
28,310
51,310
53,310
126,310
248,310
293,310
313,310
352,310
164,311
8,312
17,312
19,312
27,312
31,312
44,312
46,312
48,312
51,312
53,312
78,312
79,312
80,312
82,312
85,312
104,312
105,312
113,312
114,312
130,312
135,312
138,312
150,312
152,312
164,312
178,312
183,312
190,312
218,312
224,312
237,312
248,312
252,312
260,312
262,312
293,312
297,312
309,312
311,312
313,312
322,312
331,312
332,312
340,312
347,312
350,312
352,312
358,312
359,312
362,312
113,313
114,313
130,313
162,313
163,313
332,313
343,313
113,314
114,314
130,314
162,314
163,314
343,314
8,315
17,315
19,315
31,315
33,315
34,315
44,315
48,315
51,315
53,315
69,315
79,315
80,315
85,315
101,315
104,315
105,315
113,315
114,315
130,315
131,315
135,315
138,315
178,315
185,315
186,315
224,315
237,315
248,315
252,315
260,315
293,315
309,315
313,315
331,315
332,315
350,315
352,315
8,316
17,316
19,316
33,316
34,316
44,316
51,316
53,316
79,316
80,316
85,316
104,316
105,316
113,316
114,316
115,316
131,316
135,316
183,316
224,316
237,316
248,316
252,316
279,316
293,316
309,316
313,316
322,316
331,316
349,316
352,316
79,317
80,317
82,317
121,317
135,317
162,317
163,317
215,317
216,317
217,317
309,317
332,317
343,317
121,318
173,318
185,318
186,318
79,319
80,319
82,319
121,319
135,319
162,319
163,319
215,319
216,319
217,319
305,319
309,319
332,319
343,319
82,320
260,320
332,320
48,321
69,321
252,322
85,323
252,323
19,324
104,324
105,324
185,324
186,324
237,324
246,324
252,324
331,324
98,325
183,325
322,325
332,325
350,325
183,326
322,326
11,327
13,327
19,327
33,327
34,327
44,327
48,327
69,327
82,327
85,327
104,327
105,327
113,327
114,327
130,327
135,327
154,327
171,327
183,327
224,327
237,327
251,327
284,327
305,327
309,327
322,327
331,327
332,327
347,327
350,327
358,327
359,327
362,327
8,328
17,328
33,328
34,328
39,328
48,328
85,328
113,328
114,328
183,328
262,328
299,328
322,328
332,328
350,328
130,329
33,330
34,330
44,330
51,330
53,330
248,330
293,330
313,330
352,330
8,331
17,331
19,331
33,331
34,331
48,331
51,331
53,331
79,331
80,331
85,331
104,331
105,331
113,331
114,331
121,331
135,331
183,331
215,331
216,331
217,331
224,331
237,331
248,331
252,331
293,331
309,331
313,331
322,331
331,331
350,331
352,331
135,332
185,332
186,332
252,332
309,332
33,333
34,333
51,333
53,333
185,333
186,333
248,333
293,333
313,333
352,333
51,334
53,334
131,334
248,334
293,334
313,334
352,334
28,335
51,335
53,335
248,335
293,335
313,335
352,335
33,336
34,336
135,337
162,337
163,337
309,337
343,337
19,338
28,338
51,338
53,338
69,338
71,338
85,338
101,338
104,338
105,338
113,338
114,338
130,338
135,338
138,338
183,338
185,338
186,338
224,338
237,338
248,338
252,338
260,338
293,338
309,338
313,338
322,338
331,338
350,338
352,338
33,339
34,339
46,339
48,339
51,339
53,339
69,339
127,339
135,339
162,339
163,339
185,339
186,339
248,339
252,339
293,339
309,339
313,339
332,339
343,339
352,339
15,340
33,340
34,340
48,340
51,340
53,340
248,340
293,340
313,340
352,340
33,341
34,341
51,341
53,341
162,341
163,341
185,341
186,341
248,341
293,341
313,341
343,341
352,341
113,342
114,342
44,343
115,343
183,343
322,343
350,343
28,344
33,344
34,344
46,344
69,344
135,344
262,344
309,344
33,345
34,345
51,345
53,345
248,345
293,345
313,345
352,345
15,346
31,346
33,346
34,346
44,346
46,346
48,346
51,346
53,346
69,346
79,346
80,346
85,346
93,346
94,346
127,346
130,346
135,346
138,346
168,346
183,346
224,346
248,346
252,346
293,346
301,346
309,346
313,346
322,346
332,346
352,346
332,347
33,348
34,348
44,348
48,348
79,348
80,348
82,348
98,348
113,348
114,348
183,348
252,348
260,348
279,348
322,348
332,348
349,348
350,348
44,349
1,350
33,350
34,350
44,350
51,350
53,350
113,350
114,350
130,350
248,350
251,350
279,350
293,350
313,350
332,350
349,350
352,350
135,351
183,351
224,351
309,351
322,351
19,352
48,352
51,352
53,352
69,352
85,352
104,352
105,352
237,352
248,352
293,352
313,352
331,352
332,352
347,352
352,352
358,352
359,352
362,352
121,353
332,353
79,354
80,354
91,354
332,354
33,355
34,355
79,355
80,355
183,355
252,355
322,355
332,355
33,356
34,356
46,356
51,356
53,356
248,356
293,356
313,356
352,356
13,357
19,357
31,357
33,357
34,357
44,357
46,357
48,357
51,357
53,357
69,357
79,357
80,357
85,357
91,357
101,357
104,357
105,357
113,357
114,357
121,357
130,357
135,357
138,357
145,357
183,357
224,357
237,357
245,357
248,357
252,357
269,357
279,357
293,357
305,357
309,357
311,357
313,357
322,357
331,357
332,357
340,357
347,357
349,357
350,357
352,357
358,357
359,357
362,357
85,358
135,358
224,358
279,358
309,358
349,358
8,359
17,359
19,359
31,359
44,359
46,359
48,359
69,359
82,359
85,359
104,359
105,359
113,359
114,359
126,359
127,359
130,359
135,359
178,359
182,359
183,359
224,359
231,359
237,359
252,359
260,359
309,359
320,359
322,359
331,359
332,359
340,359
347,359
350,359
358,359
359,359
362,359
1,360
19,360
28,360
31,360
33,360
34,360
44,360
46,360
48,360
51,360
53,360
79,360
80,360
82,360
85,360
91,360
104,360
105,360
113,360
114,360
130,360
135,360
138,360
178,360
182,360
183,360
237,360
248,360
251,360
262,360
293,360
309,360
313,360
322,360
331,360
332,360
347,360
350,360
352,360
358,360
359,360
362,360
33,361
34,361
44,361
51,361
53,361
85,361
113,361
114,361
135,361
145,361
185,361
186,361
248,361
269,361
293,361
309,361
313,361
332,361
350,361
352,361
8,362
17,362
28,362
31,362
33,362
34,362
46,362
48,362
51,362
53,362
79,362
80,362
82,362
113,362
114,362
130,362
162,362
163,362
231,362
235,362
248,362
252,362
279,362
293,362
311,362
313,362
332,362
343,362
349,362
350,362
352,362
33,363
34,363
48,363
130,363
183,363
231,363
322,363
332,363
21,364
185,364
186,364
19,365
28,365
31,365
44,365
48,365
69,365
85,365
98,365
104,365
105,365
113,365
114,365
130,365
135,365
147,365
178,365
183,365
224,365
237,365
251,365
252,365
260,365
262,365
309,365
322,365
331,365
332,365
350,365
19,366
31,366
33,366
34,366
48,366
79,366
80,366
85,366
101,366
104,366
105,366
113,366
114,366
121,366
130,366
135,366
145,366
147,366
164,366
178,366
183,366
224,366
232,366
237,366
245,366
246,366
251,366
252,366
262,366
269,366
309,366
311,366
320,366
322,366
331,366
332,366
347,366
350,366
358,366
359,366
362,366
8,367
17,367
19,367
27,367
28,367
31,367
33,367
34,367
44,367
48,367
85,367
101,367
104,367
105,367
109,367
113,367
114,367
135,367
138,367
183,367
190,367
218,367
224,367
237,367
252,367
309,367
311,367
320,367
322,367
331,367
332,367
347,367
350,367
358,367
359,367
362,367
13,368
48,368
98,368
130,368
145,368
176,368
183,368
251,368
252,368
260,368
269,368
322,368
85,369
130,369
135,369
176,369
260,369
309,369
332,369
350,369
135,370
176,370
260,370
309,370
332,370
19,371
78,371
79,371
80,371
85,371
93,371
94,371
98,371
104,371
105,371
113,371
114,371
135,371
178,371
224,371
225,371
237,371
252,371
301,371
309,371
331,371
332,371
350,371
8,372
17,372
48,372
311,372
332,372
31,373
33,373
34,373
113,373
114,373
130,373
135,373
162,373
163,373
185,373
186,373
205,373
252,373
309,373
343,373
183,374
322,374
252,375
19,376
44,376
46,376
79,376
80,376
91,376
104,376
105,376
113,376
114,376
130,376
135,376
138,376
183,376
185,376
186,376
215,376
216,376
217,376
237,376
309,376
322,376
331,376
332,376
350,376
19,377
79,377
80,377
82,377
91,377
104,377
105,377
237,377
331,377
332,377
28,378
85,378
251,378
28,379
251,379
252,379
51,380
53,380
113,380
114,380
248,380
293,380
313,380
352,380
28,381
78,381
33,382
34,382
85,382
350,382
8,383
17,383
19,383
28,383
31,383
44,383
48,383
79,383
80,383
82,383
85,383
91,383
104,383
105,383
135,383
162,383
163,383
237,383
251,383
309,383
331,383
332,383
343,383
347,383
358,383
359,383
362,383
44,384
48,384
79,384
80,384
98,384
130,384
135,384
224,384
231,384
262,384
309,384
311,384
332,384
350,384
19,385
69,385
85,385
101,385
104,385
105,385
113,385
114,385
224,385
237,385
245,385
252,385
331,385
347,385
350,385
358,385
359,385
362,385
19,386
28,386
44,386
48,386
82,386
85,386
104,386
105,386
113,386
114,386
115,386
121,386
183,386
224,386
237,386
245,386
252,386
322,386
331,386
350,386
19,387
44,387
48,387
71,387
79,387
80,387
85,387
101,387
104,387
105,387
113,387
114,387
135,387
138,387
147,387
178,387
183,387
224,387
235,387
237,387
251,387
252,387
262,387
309,387
311,387
322,387
331,387
350,387
8,388
17,388
19,388
28,388
33,388
34,388
48,388
51,388
53,388
71,388
78,388
85,388
104,388
105,388
113,388
114,388
127,388
135,388
138,388
147,388
150,388
224,388
234,388
236,388
237,388
248,388
251,388
252,388
260,388
262,388
293,388
309,388
313,388
331,388
332,388
347,388
350,388
352,388
358,388
359,388
362,388
19,389
85,389
104,389
105,389
113,389
114,389
130,389
178,389
224,389
237,389
246,389
252,389
331,389
332,389
347,389
350,389
358,389
359,389
362,389
19,390
33,390
34,390
48,390
69,390
78,390
85,390
101,390
104,390
105,390
113,390
114,390
138,390
162,390
163,390
178,390
183,390
224,390
237,390
246,390
252,390
322,390
331,390
343,390
19,391
63,391
85,391
101,391
104,391
105,391
113,391
114,391
130,391
138,391
178,391
183,391
185,391
186,391
224,391
237,391
245,391
246,391
252,391
322,391
331,391
350,391
8,392
17,392
19,392
33,392
34,392
39,392
44,392
51,392
53,392
71,392
82,392
85,392
101,392
104,392
105,392
113,392
114,392
130,392
131,392
138,392
145,392
147,392
162,392
163,392
183,392
185,392
186,392
224,392
231,392
232,392
237,392
245,392
248,392
252,392
258,392
269,392
293,392
299,392
313,392
322,392
331,392
332,392
343,392
350,392
352,392
15,393
19,393
33,393
34,393
51,393
53,393
71,393
78,393
85,393
104,393
105,393
113,393
114,393
121,393
135,393
138,393
162,393
163,393
212,393
224,393
237,393
248,393
252,393
279,393
293,393
297,393
309,393
313,393
331,393
343,393
349,393
350,393
352,393
19,394
46,394
48,394
71,394
79,394
80,394
85,394
104,394
105,394
113,394
114,394
138,394
147,394
183,394
237,394
246,394
251,394
252,394
279,394
322,394
331,394
332,394
349,394
350,394
13,395
19,395
82,395
104,395
105,395
224,395
237,395
251,395
331,395
350,395
82,396
19,397
28,397
33,397
34,397
46,397
104,397
105,397
178,397
215,397
216,397
217,397
237,397
331,397
350,397
8,398
17,398
48,398
311,398
31,399
33,399
34,399
69,399
127,399
185,399
186,399
85,400
113,400
114,400
232,400
332,400
33,401
34,401
51,401
53,401
135,401
215,401
216,401
217,401
248,401
293,401
309,401
313,401
332,401
352,401
33,402
34,402
51,402
53,402
78,402
85,402
101,402
130,402
185,402
186,402
248,402
252,402
279,402
293,402
313,402
319,402
323,402
332,402
349,402
352,402
8,403
17,403
79,403
80,403
98,403
121,403
183,403
260,403
305,403
322,403
332,403
1,404
8,404
17,404
19,404
46,404
85,404
101,404
104,404
105,404
113,404
114,404
135,404
178,404
182,404
224,404
237,404
252,404
260,404
262,404
309,404
311,404
331,404
350,404
19,405
104,405
105,405
113,405
114,405
237,405
252,405
331,405
8,406
17,406
33,406
34,406
44,406
46,406
51,406
53,406
69,406
113,406
114,406
135,406
160,406
162,406
163,406
248,406
252,406
262,406
293,406
309,406
313,406
332,406
343,406
350,406
352,406
48,407
85,407
101,407
113,407
114,407
130,407
252,407
342,407
350,407
19,408
48,408
101,408
104,408
105,408
113,408
114,408
178,408
183,408
237,408
322,408
331,408
19,409
28,409
31,409
33,409
34,409
51,409
53,409
104,409
105,409
237,409
248,409
293,409
313,409
331,409
352,409
33,410
34,410
44,410
82,410
135,410
183,410
260,410
309,410
322,410
332,410
350,410
13,411
19,411
51,411
53,411
104,411
105,411
113,411
114,411
135,411
162,411
163,411
237,411
248,411
293,411
309,411
311,411
313,411
331,411
332,411
343,411
352,411
33,412
34,412
183,412
322,412
33,413
34,413
44,413
46,413
48,413
51,413
53,413
69,413
82,413
113,413
114,413
120,413
135,413
182,413
224,413
248,413
252,413
260,413
293,413
309,413
313,413
332,413
350,413
352,413
15,414
19,414
33,414
34,414
44,414
51,414
53,414
85,414
101,414
104,414
105,414
120,414
130,414
135,414
183,414
237,414
248,414
252,414
260,414
262,414
293,414
309,414
313,414
322,414
331,414
350,414
352,414
145,415
183,415
269,415
322,415
350,415
33,416
34,416
51,416
53,416
183,416
248,416
293,416
313,416
322,416
332,416
352,416
33,417
34,417
135,417
309,417
332,417
48,418
85,418
113,418
114,418
224,418
19,419
19,419
19,419
28,419
28,419
28,419
33,419
33,419
34,419
34,419
44,419
44,419
44,419
85,419
85,419
85,419
104,419
104,419
104,419
105,419
105,419
105,419
113,419
113,419
113,419
114,419
114,419
114,419
130,419
152,419
152,419
152,419
164,419
164,419
164,419
185,419
185,419
185,419
186,419
186,419
186,419
224,419
224,419
224,419
237,419
237,419
237,419
252,419
252,419
252,419
331,419
331,419
331,419
350,419
350,419
350,419
33,420
34,420
130,420
225,420
252,420
262,420
15,421
44,421
51,421
53,421
78,421
85,421
91,421
113,421
114,421
127,421
130,421
131,421
162,421
163,421
178,421
224,421
232,421
248,421
252,421
258,421
293,421
313,421
332,421
343,421
350,421
352,421
85,422
113,422
114,422
252,422
113,423
114,423
183,424
322,424
350,424
51,425
53,425
85,425
113,425
114,425
135,425
248,425
293,425
309,425
313,425
350,425
352,425
44,426
113,427
114,427
135,427
252,427
309,427
332,427
85,428
183,428
252,428
322,428
19,429
28,429
44,429
51,429
53,429
69,429
79,429
80,429
82,429
104,429
105,429
113,429
114,429
130,429
131,429
135,429
145,429
147,429
178,429
183,429
237,429
248,429
252,429
269,429
279,429
293,429
309,429
313,429
322,429
331,429
332,429
349,429
350,429
352,429
19,430
69,430
79,430
80,430
104,430
105,430
131,430
145,430
183,430
237,430
269,430
322,430
331,430
332,430
350,430
44,431
79,431
80,431
130,431
131,431
188,431
224,431
305,431
332,431
350,431
82,432
122,432
131,432
332,432
350,432
131,433
350,433
19,434
31,434
33,434
34,434
85,434
101,434
104,434
105,434
113,434
114,434
131,434
135,434
138,434
178,434
183,434
224,434
237,434
251,434
252,434
309,434
322,434
331,434
332,434
350,434
19,435
44,435
104,435
105,435
113,435
114,435
178,435
224,435
237,435
279,435
331,435
347,435
349,435
350,435
358,435
359,435
362,435
79,436
80,436
91,436
113,436
114,436
178,436
340,436
350,436
31,437
44,437
46,437
113,437
114,437
135,437
183,437
251,437
260,437
309,437
311,437
322,437
332,437
350,437
1,438
19,438
104,438
105,438
113,438
114,438
135,438
178,438
237,438
251,438
260,438
309,438
331,438
332,438
350,438
113,439
114,439
135,439
309,439
44,440
46,440
48,440
85,440
91,440
113,440
114,440
183,440
252,440
311,440
322,440
332,440
350,440
135,441
218,441
309,441
332,441
340,441
350,441
28,442
46,442
130,442
135,442
183,442
260,442
285,442
309,442
322,442
332,442
350,442
33,443
34,443
185,443
186,443
101,444
135,444
215,444
216,444
217,444
309,444
350,444
46,445
51,445
53,445
135,445
248,445
252,445
262,445
293,445
309,445
313,445
352,445
44,446
135,446
309,446
98,447
130,447
225,447
350,447
19,448
31,448
44,448
69,448
104,448
105,448
113,448
114,448
135,448
164,448
237,448
252,448
309,448
331,448
347,448
358,448
359,448
362,448
46,449
51,449
53,449
71,449
122,449
135,449
162,449
163,449
185,449
186,449
246,449
248,449
250,449
279,449
293,449
309,449
313,449
343,449
349,449
350,449
352,449
8,450
17,450
19,450
44,450
46,450
48,450
51,450
53,450
79,450
80,450
82,450
85,450
104,450
105,450
113,450
114,450
135,450
147,450
178,450
183,450
218,450
224,450
225,450
231,450
237,450
248,450
251,450
293,450
309,450
313,450
322,450
331,450
332,450
340,450
350,450
352,450
33,451
34,451
126,451
180,451
33,452
34,452
51,452
53,452
248,452
293,452
313,452
350,452
352,452
19,453
44,453
69,453
85,453
101,453
104,453
105,453
113,453
114,453
138,453
145,453
183,453
185,453
186,453
212,453
237,453
252,453
269,453
322,453
331,453
332,453
350,453
8,454
17,454
19,454
44,454
48,454
69,454
79,454
80,454
85,454
93,454
94,454
101,454
104,454
105,454
113,454
114,454
130,454
138,454
145,454
183,454
224,454
237,454
251,454
252,454
260,454
269,454
279,454
301,454
305,454
322,454
331,454
332,454
349,454
350,454
19,455
101,455
104,455
105,455
113,455
114,455
178,455
185,455
186,455
237,455
331,455
340,455
350,455
19,456
33,456
34,456
85,456
104,456
105,456
127,456
130,456
224,456
237,456
331,456
332,456
350,456
13,457
44,457
113,457
114,457
130,457
178,457
183,457
224,457
231,457
252,457
322,457
332,457
350,457
33,458
34,458
51,458
53,458
135,458
185,458
186,458
248,458
293,458
309,458
313,458
352,458
33,459
34,459
51,459
53,459
248,459
293,459
313,459
352,459
15,460
33,460
34,460
51,460
53,460
185,460
186,460
248,460
293,460
313,460
352,460
353,460
28,461
91,461
121,461
135,461
183,461
194,461
262,461
309,461
322,461
350,461
363,461
15,462
28,462
31,462
33,462
34,462
82,462
91,462
121,462
332,462
28,463
33,463
34,463
44,463
51,463
53,463
82,463
91,463
113,463
114,463
130,463
248,463
293,463
313,463
332,463
352,463
33,464
34,464
126,464
135,464
162,464
163,464
309,464
343,464
19,465
33,465
34,465
44,465
104,465
105,465
130,465
183,465
194,465
237,465
322,465
331,465
19,466
104,466
105,466
183,466
212,466
237,466
262,466
279,466
322,466
331,466
349,466
350,466
31,467
33,467
34,467
44,467
51,467
53,467
69,467
113,467
114,467
183,467
248,467
252,467
293,467
313,467
322,467
332,467
347,467
350,467
352,467
358,467
359,467
362,467
15,468
33,468
34,468
44,468
46,468
48,468
51,468
53,468
85,468
130,468
147,468
183,468
224,468
235,468
248,468
252,468
293,468
313,468
322,468
332,468
340,468
347,468
350,468
352,468
358,468
359,468
362,468
13,469
19,469
44,469
48,469
79,469
80,469
85,469
104,469
105,469
113,469
114,469
122,469
130,469
147,469
183,469
224,469
235,469
237,469
252,469
260,469
322,469
331,469
332,469
350,469
69,470
279,470
349,470
350,470
85,471
183,471
322,471
350,471
13,472
15,472
44,472
69,472
85,472
113,472
114,472
121,472
135,472
183,472
224,472
252,472
309,472
322,472
350,472
33,473
34,473
135,473
183,473
309,473
322,473
350,473
33,474
34,474
44,474
51,474
53,474
85,474
130,474
135,474
248,474
252,474
293,474
309,474
313,474
352,474
44,475
127,475
252,475
350,475
19,476
51,476
53,476
85,476
104,476
105,476
113,476
114,476
185,476
186,476
237,476
248,476
293,476
313,476
331,476
352,476
19,477
33,477
34,477
46,477
48,477
51,477
53,477
85,477
104,477
105,477
113,477
114,477
183,477
237,477
248,477
293,477
313,477
322,477
331,477
332,477
347,477
350,477
352,477
358,477
359,477
362,477
19,478
28,478
31,478
33,478
34,478
44,478
46,478
51,478
53,478
79,478
80,478
82,478
85,478
98,478
104,478
105,478
113,478
114,478
121,478
130,478
135,478
138,478
162,478
163,478
178,478
183,478
224,478
225,478
237,478
246,478
248,478
251,478
252,478
262,478
279,478
293,478
309,478
313,478
322,478
331,478
332,478
343,478
349,478
350,478
352,478
28,479
138,479
183,479
252,479
322,479
19,480
31,480
44,480
46,480
48,480
82,480
91,480
104,480
105,480
121,480
130,480
135,480
183,480
237,480
252,480
262,480
309,480
322,480
331,480
332,480
19,481
28,481
31,481
33,481
34,481
46,481
48,481
69,481
79,481
80,481
85,481
98,481
104,481
105,481
113,481
114,481
120,481
130,481
135,481
138,481
164,481
183,481
224,481
237,481
252,481
309,481
322,481
331,481
332,481
340,481
347,481
350,481
358,481
359,481
362,481
113,482
114,482
235,482
260,482
1,483
8,483
13,483
17,483
19,483
27,483
28,483
31,483
33,483
34,483
44,483
46,483
48,483
51,483
53,483
62,483
69,483
78,483
79,483
80,483
82,483
85,483
91,483
98,483
101,483
104,483
105,483
113,483
114,483
115,483
122,483
127,483
130,483
131,483
135,483
138,483
145,483
147,483
162,483
163,483
164,483
178,483
182,483
183,483
190,483
215,483
216,483
217,483
223,483
224,483
225,483
235,483
237,483
245,483
246,483
248,483
251,483
252,483
260,483
262,483
269,483
279,483
293,483
305,483
309,483
313,483
320,483
322,483
331,483
332,483
340,483
343,483
347,483
349,483
350,483
352,483
358,483
359,483
362,483
8,484
17,484
19,484
33,484
34,484
44,484
79,484
80,484
101,484
104,484
105,484
113,484
114,484
122,484
131,484
135,484
147,484
178,484
183,484
224,484
237,484
245,484
252,484
279,484
309,484
322,484
331,484
347,484
349,484
350,484
358,484
359,484
362,484
13,485
19,485
28,485
33,485
34,485
44,485
46,485
48,485
51,485
53,485
85,485
98,485
104,485
105,485
113,485
114,485
122,485
135,485
145,485
147,485
183,485
224,485
225,485
237,485
248,485
252,485
260,485
262,485
269,485
293,485
305,485
309,485
311,485
313,485
322,485
331,485
332,485
350,485
352,485
19,486
31,486
33,486
34,486
44,486
48,486
51,486
53,486
69,486
85,486
91,486
98,486
104,486
105,486
113,486
114,486
115,486
130,486
135,486
146,486
147,486
150,486
178,486
183,486
224,486
225,486
235,486
237,486
248,486
251,486
252,486
260,486
262,486
279,486
293,486
305,486
309,486
313,486
322,486
331,486
332,486
349,486
350,486
352,486
19,487
28,487
44,487
46,487
69,487
104,487
105,487
130,487
135,487
147,487
183,487
237,487
251,487
260,487
309,487
322,487
331,487
332,487
19,488
21,488
27,488
33,488
34,488
44,488
101,488
104,488
105,488
113,488
114,488
135,488
190,488
224,488
232,488
237,488
245,488
246,488
252,488
309,488
331,488
350,488
19,489
33,489
34,489
44,489
46,489
48,489
51,489
53,489
85,489
104,489
105,489
113,489
114,489
121,489
130,489
135,489
183,489
185,489
186,489
218,489
224,489
237,489
248,489
252,489
262,489
293,489
309,489
313,489
322,489
331,489
332,489
350,489
352,489
19,490
48,490
85,490
104,490
105,490
113,490
114,490
178,490
183,490
224,490
237,490
246,490
252,490
322,490
331,490
350,490
19,491
44,491
104,491
105,491
113,491
114,491
183,491
224,491
237,491
320,491
322,491
331,491
350,491
19,492
44,492
104,492
105,492
113,492
114,492
135,492
178,492
224,492
237,492
246,492
279,492
309,492
331,492
349,492
252,493
332,493
252,494
51,495
53,495
82,495
85,495
113,495
114,495
135,495
248,495
252,495
293,495
309,495
313,495
332,495
352,495
19,496
33,496
34,496
44,496
51,496
53,496
104,496
105,496
237,496
248,496
293,496
313,496
331,496
352,496
332,497
183,498
322,498
332,498
21,499
31,499
33,499
34,499
46,499
51,499
53,499
127,499
162,499
163,499
185,499
186,499
248,499
293,499
313,499
343,499
352,499
252,500
350,500
33,501
34,501
44,501
51,501
53,501
85,501
135,501
185,501
186,501
248,501
252,501
293,501
309,501
313,501
352,501
8,502
17,502
19,502
31,502
33,502
34,502
46,502
69,502
85,502
104,502
105,502
113,502
114,502
127,502
183,502
237,502
252,502
322,502
331,502
332,502
350,502
19,503
33,503
34,503
51,503
53,503
104,503
105,503
113,503
114,503
121,503
130,503
135,503
224,503
237,503
248,503
251,503
260,503
293,503
309,503
313,503
331,503
332,503
352,503
44,504
113,504
114,504
183,504
252,504
322,504
135,505
162,505
163,505
164,505
185,505
186,505
309,505
343,505
113,506
114,506
252,506
332,506
183,507
322,507
350,507
19,508
85,508
91,508
104,508
105,508
113,508
114,508
121,508
237,508
252,508
331,508
332,508
350,508
19,509
44,509
48,509
51,509
53,509
69,509
85,509
98,509
101,509
104,509
105,509
113,509
114,509
130,509
135,509
138,509
164,509
183,509
224,509
237,509
246,509
248,509
252,509
293,509
305,509
309,509
313,509
320,509
322,509
331,509
332,509
347,509
350,509
352,509
358,509
359,509
362,509
130,510
332,510
19,511
44,511
48,511
104,511
105,511
113,511
114,511
135,511
183,511
237,511
252,511
309,511
322,511
331,511
332,511
350,511
19,512
101,512
104,512
105,512
113,512
114,512
237,512
320,512
331,512
350,512
130,513
182,513
183,513
260,513
322,513
332,513
131,514
332,514
113,515
114,515
183,515
322,515
19,516
48,516
104,516
105,516
113,516
114,516
237,516
252,516
331,516
350,516
183,517
224,517
252,517
322,517
332,517
19,518
44,518
51,518
53,518
79,518
80,518
93,518
94,518
101,518
104,518
105,518
113,518
114,518
130,518
135,518
138,518
178,518
183,518
215,518
216,518
217,518
224,518
237,518
248,518
252,518
293,518
301,518
305,518
309,518
313,518
322,518
331,518
332,518
350,518
352,518
183,519
322,519
33,520
34,520
162,521
163,521
343,521
113,522
114,522
185,522
186,522
19,523
91,523
98,523
104,523
105,523
178,523
224,523
237,523
260,523
331,523
332,523
19,524
31,524
46,524
48,524
85,524
91,524
104,524
105,524
113,524
114,524
127,524
135,524
178,524
183,524
185,524
186,524
224,524
237,524
279,524
309,524
320,524
322,524
331,524
332,524
349,524
350,524
19,525
21,525
33,525
34,525
48,525
51,525
53,525
85,525
104,525
105,525
113,525
114,525
224,525
237,525
246,525
248,525
293,525
313,525
320,525
331,525
332,525
352,525
8,526
17,526
19,526
44,526
51,526
53,526
85,526
101,526
104,526
105,526
113,526
114,526
122,526
147,526
178,526
183,526
223,526
224,526
237,526
245,526
248,526
279,526
293,526
313,526
322,526
331,526
347,526
349,526
350,526
352,526
358,526
359,526
362,526
44,527
113,527
114,527
115,527
183,527
279,527
322,527
332,527
349,527
350,527
19,528
104,528
105,528
237,528
331,528
350,528
19,529
48,529
85,529
104,529
105,529
237,529
331,529
44,530
85,530
135,530
309,530
85,531
135,531
182,531
309,531
46,532
85,532
91,532
101,532
130,532
183,532
322,532
332,532
350,532
332,533
48,534
98,534
252,534
350,534
252,535
332,535
350,535
8,536
17,536
19,536
31,536
33,536
34,536
44,536
46,536
48,536
51,536
53,536
69,536
79,536
80,536
85,536
104,536
105,536
113,536
114,536
115,536
121,536
130,536
135,536
150,536
183,536
224,536
237,536
248,536
252,536
293,536
305,536
309,536
313,536
322,536
331,536
332,536
347,536
350,536
352,536
358,536
359,536
362,536
8,537
15,537
17,537
33,537
34,537
44,537
46,537
51,537
53,537
69,537
85,537
113,537
114,537
121,537
135,537
162,537
163,537
164,537
183,537
185,537
186,537
248,537
252,537
262,537
293,537
309,537
313,537
322,537
332,537
343,537
352,537
19,538
44,538
46,538
82,538
104,538
105,538
178,538
237,538
252,538
331,538
332,538
350,538
19,539
33,539
34,539
104,539
105,539
113,539
114,539
178,539
185,539
186,539
224,539
237,539
252,539
331,539
1,540
8,540
15,540
17,540
44,540
51,540
53,540
69,540
135,540
138,540
152,540
162,540
163,540
183,540
218,540
224,540
248,540
252,540
293,540
309,540
313,540
322,540
332,540
343,540
352,540
44,541
135,541
309,541
332,541
27,542
28,542
44,542
48,542
85,542
113,542
114,542
131,542
183,542
190,542
235,542
252,542
279,542
322,542
349,542
350,542
44,543
78,543
85,543
98,543
130,543
131,543
138,543
183,543
252,543
260,543
279,543
322,543
332,543
349,543
350,543
19,544
27,544
33,544
34,544
44,544
46,544
48,544
51,544
53,544
69,544
85,544
104,544
105,544
113,544
114,544
127,544
131,544
135,544
183,544
185,544
186,544
190,544
235,544
237,544
248,544
252,544
262,544
279,544
293,544
309,544
313,544
322,544
331,544
332,544
349,544
350,544
352,544
113,545
114,545
113,546
114,546
33,547
34,547
48,547
69,547
135,547
183,547
252,547
309,547
322,547
350,547
19,548
85,548
104,548
105,548
113,548
114,548
171,548
178,548
237,548
252,548
284,548
331,548
350,548
44,549
113,549
114,549
121,549
332,549
19,550
48,550
79,550
80,550
98,550
104,550
105,550
130,550
135,550
237,550
309,550
331,550
332,550
347,550
350,550
358,550
359,550
362,550
15,551
28,551
33,551
34,551
44,551
46,551
121,551
126,551
127,551
130,551
185,551
186,551
262,551
332,551
19,552
33,552
34,552
48,552
51,552
53,552
69,552
79,552
80,552
85,552
104,552
105,552
113,552
114,552
135,552
182,552
183,552
224,552
237,552
248,552
252,552
293,552
309,552
313,552
322,552
331,552
332,552
350,552
352,552
85,553
130,553
183,553
232,553
258,553
322,553
332,553
350,553
44,554
51,554
53,554
101,554
113,554
114,554
135,554
248,554
293,554
309,554
313,554
352,554
8,555
17,555
33,555
34,555
79,555
80,555
82,555
185,555
186,555
251,555
252,555
178,556
183,556
322,556
19,557
33,557
34,557
44,557
51,557
53,557
71,557
79,557
80,557
82,557
98,557
104,557
105,557
135,557
147,557
162,557
163,557
183,557
237,557
248,557
251,557
252,557
279,557
293,557
309,557
313,557
322,557
331,557
332,557
343,557
347,557
349,557
350,557
352,557
358,557
359,557
362,557
19,558
31,558
33,558
34,558
44,558
48,558
51,558
53,558
79,558
80,558
82,558
85,558
104,558
105,558
113,558
114,558
131,558
135,558
183,558
224,558
237,558
248,558
251,558
252,558
293,558
309,558
313,558
322,558
331,558
350,558
352,558
44,559
69,559
85,559
135,559
224,559
309,559
122,560
183,560
322,560
33,561
34,561
48,562
51,562
53,562
69,562
85,562
98,562
113,562
114,562
115,562
131,562
135,562
178,562
182,562
248,562
251,562
260,562
293,562
305,562
309,562
313,562
340,562
350,562
352,562
113,563
114,563
121,563
350,563
19,564
48,564
85,564
104,564
105,564
113,564
114,564
122,564
130,564
183,564
224,564
231,564
237,564
252,564
322,564
331,564
332,564
350,564
8,565
13,565
17,565
19,565
28,565
79,565
80,565
85,565
91,565
104,565
105,565
113,565
114,565
135,565
162,565
163,565
178,565
183,565
231,565
237,565
252,565
279,565
305,565
309,565
311,565
322,565
331,565
332,565
343,565
349,565
350,565
1,566
19,566
31,566
33,566
34,566
44,566
46,566
48,566
85,566
104,566
105,566
113,566
114,566
115,566
121,566
135,566
178,566
183,566
224,566
237,566
245,566
251,566
252,566
260,566
262,566
294,566
309,566
319,566
322,566
323,566
331,566
332,566
350,566
1,567
8,567
13,567
17,567
19,567
27,567
28,567
31,567
33,567
34,567
44,567
46,567
48,567
51,567
53,567
69,567
78,567
79,567
80,567
82,567
85,567
91,567
98,567
101,567
104,567
105,567
113,567
114,567
121,567
122,567
130,567
131,567
135,567
146,567
147,567
164,567
178,567
182,567
183,567
190,567
203,567
204,567
212,567
224,567
235,567
237,567
245,567
246,567
248,567
251,567
252,567
260,567
262,567
279,567
293,567
305,567
309,567
313,567
322,567
331,567
332,567
340,567
342,567
347,567
349,567
350,567
352,567
358,567
359,567
362,567
8,568
17,568
44,568
85,568
113,568
114,568
121,568
127,568
130,568
135,568
183,568
224,568
279,568
309,568
322,568
349,568
19,569
33,569
34,569
44,569
48,569
51,569
53,569
69,569
85,569
101,569
104,569
105,569
113,569
114,569
115,569
130,569
135,569
183,569
224,569
237,569
248,569
252,569
260,569
279,569
293,569
309,569
313,569
322,569
331,569
332,569
349,569
350,569
352,569
33,570
34,570
51,570
53,570
248,570
252,570
293,570
313,570
332,570
352,570
19,571
104,571
105,571
183,571
237,571
322,571
331,571
85,572
113,572
114,572
127,572
130,572
178,572
183,572
224,572
322,572
350,572
113,573
114,573
252,573
69,574
85,574
113,574
114,574
135,574
224,574
252,574
309,574
350,574
33,575
34,575
44,575
51,575
53,575
79,575
80,575
113,575
114,575
183,575
248,575
252,575
260,575
293,575
311,575
313,575
322,575
332,575
350,575
352,575
19,576
44,576
82,576
85,576
104,576
105,576
113,576
114,576
135,576
183,576
212,576
237,576
252,576
309,576
322,576
331,576
332,576
252,577
109,578
113,578
114,578
183,578
224,578
322,578
332,578
224,579
19,580
33,580
34,580
44,580
48,580
51,580
53,580
85,580
91,580
104,580
105,580
113,580
114,580
121,580
130,580
147,580
164,580
183,580
224,580
237,580
248,580
252,580
260,580
293,580
313,580
322,580
331,580
332,580
347,580
350,580
352,580
358,580
359,580
362,580
8,581
17,581
19,581
31,581
44,581
48,581
51,581
53,581
71,581
78,581
79,581
80,581
85,581
91,581
98,581
104,581
105,581
113,581
114,581
122,581
131,581
147,581
178,581
182,581
183,581
224,581
225,581
235,581
237,581
245,581
248,581
251,581
252,581
262,581
279,581
293,581
313,581
322,581
331,581
332,581
347,581
349,581
350,581
352,581
358,581
359,581
362,581
15,582
33,582
34,582
51,582
53,582
248,582
293,582
313,582
352,582
19,583
33,583
34,583
48,583
78,583
91,583
98,583
104,583
105,583
147,583
178,583
182,583
183,583
215,583
216,583
217,583
224,583
237,583
260,583
322,583
331,583
332,583
350,583
46,584
51,584
53,584
248,584
293,584
313,584
352,584
33,585
34,585
44,585
51,585
53,585
248,585
293,585
313,585
352,585
19,586
44,586
51,586
53,586
104,586
105,586
224,586
237,586
248,586
293,586
313,586
331,586
352,586
33,587
34,587
51,587
53,587
135,587
248,587
293,587
309,587
313,587
352,587
15,588
19,588
44,588
46,588
48,588
51,588
53,588
79,588
80,588
82,588
85,588
91,588
98,588
101,588
104,588
105,588
113,588
114,588
130,588
135,588
145,588
183,588
224,588
237,588
248,588
252,588
269,588
279,588
293,588
309,588
313,588
322,588
331,588
332,588
347,588
349,588
350,588
352,588
358,588
359,588
362,588
19,589
33,589
34,589
104,589
105,589
178,589
237,589
331,589
28,590
33,590
34,590
39,590
138,590
223,590
252,590
299,590
332,590
33,591
34,591
79,591
80,591
135,591
183,591
309,591
322,591
332,591
135,592
309,592
19,593
104,593
105,593
237,593
331,593
1,594
33,594
34,594
48,594
85,594
113,594
114,594
135,594
138,594
152,594
180,594
234,594
252,594
309,594
19,595
63,595
85,595
104,595
105,595
113,595
114,595
224,595
237,595
252,595
331,595
15,596
183,596
322,596
33,597
34,597
51,597
53,597
185,597
186,597
248,597
293,597
313,597
352,597
178,598
332,598
31,599
33,599
34,599
85,599
130,599
135,599
162,599
163,599
185,599
186,599
252,599
309,599
343,599
69,600
85,600
113,600
114,600
138,600
145,600
224,600
252,600
269,600
311,600
130,601
183,601
322,601
46,602
252,602
44,603
113,603
114,603
19,604
44,604
48,604
85,604
104,604
105,604
130,604
135,604
183,604
224,604
237,604
309,604
322,604
331,604
350,604
28,605
51,605
53,605
135,605
183,605
248,605
252,605
293,605
309,605
313,605
322,605
352,605
13,606
19,606
31,606
33,606
34,606
44,606
46,606
48,606
51,606
53,606
69,606
79,606
80,606
82,606
85,606
91,606
101,606
104,606
105,606
113,606
114,606
122,606
130,606
131,606
135,606
147,606
178,606
183,606
185,606
186,606
234,606
235,606
237,606
245,606
246,606
248,606
251,606
252,606
260,606
279,606
293,606
309,606
311,606
313,606
322,606
331,606
332,606
340,606
347,606
349,606
350,606
352,606
358,606
359,606
362,606
19,607
104,607
105,607
162,607
163,607
237,607
331,607
343,607
48,608
8,609
17,609
19,609
31,609
33,609
34,609
39,609
44,609
46,609
48,609
51,609
53,609
63,609
69,609
71,609
78,609
85,609
98,609
101,609
104,609
105,609
113,609
114,609
130,609
135,609
138,609
150,609
164,609
178,609
182,609
183,609
185,609
186,609
218,609
224,609
231,609
237,609
245,609
246,609
248,609
251,609
252,609
260,609
262,609
279,609
293,609
299,609
309,609
311,609
313,609
320,609
322,609
331,609
332,609
347,609
349,609
350,609
352,609
358,609
359,609
362,609
19,610
44,610
79,610
80,610
85,610
91,610
104,610
105,610
113,610
114,610
121,610
122,610
135,610
183,610
218,610
224,610
237,610
252,610
279,610
309,610
322,610
331,610
332,610
349,610
350,610
19,611
31,611
33,611
34,611
101,611
104,611
105,611
113,611
114,611
127,611
237,611
252,611
331,611
332,611
350,611
44,612
48,612
113,612
114,612
130,612
135,612
183,612
224,612
309,612
322,612
350,612
28,613
31,613
44,613
46,613
82,613
85,613
98,613
113,613
114,613
130,613
131,613
135,613
183,613
203,613
204,613
224,613
252,613
260,613
309,613
322,613
332,613
342,613
347,613
350,613
358,613
359,613
362,613
19,614
21,614
33,614
34,614
44,614
46,614
48,614
51,614
53,614
79,614
80,614
82,614
85,614
91,614
98,614
101,614
104,614
105,614
113,614
114,614
130,614
135,614
164,614
183,614
185,614
186,614
215,614
216,614
217,614
224,614
237,614
245,614
248,614
251,614
252,614
260,614
262,614
293,614
309,614
313,614
320,614
322,614
331,614
332,614
340,614
347,614
350,614
352,614
358,614
359,614
362,614
340,615
113,616
114,616
19,617
104,617
105,617
113,617
114,617
130,617
237,617
252,617
331,617
332,617
19,618
33,618
34,618
44,618
48,618
71,618
78,618
85,618
101,618
104,618
105,618
113,618
114,618
138,618
150,618
178,618
183,618
185,618
186,618
224,618
237,618
245,618
251,618
252,618
320,618
322,618
331,618
332,618
350,618
19,619
48,619
85,619
101,619
104,619
105,619
113,619
114,619
130,619
135,619
138,619
145,619
164,619
182,619
183,619
224,619
237,619
252,619
269,619
279,619
309,619
320,619
322,619
331,619
332,619
349,619
350,619
183,620
262,620
322,620
79,621
80,621
82,621
332,621
8,622
17,622
19,622
44,622
79,622
80,622
82,622
85,622
91,622
104,622
105,622
113,622
114,622
130,622
135,622
147,622
178,622
183,622
224,622
237,622
246,622
252,622
309,622
322,622
331,622
332,622
340,622
350,622
19,623
27,623
44,623
82,623
85,623
98,623
101,623
104,623
105,623
113,623
114,623
130,623
183,623
190,623
224,623
237,623
245,623
322,623
331,623
332,623
350,623
101,624
113,624
114,624
224,624
252,624
332,624
350,624
135,625
279,625
309,625
349,625
8,626
17,626
19,626
28,626
31,626
33,626
34,626
39,626
44,626
46,626
48,626
51,626
53,626
69,626
79,626
80,626
82,626
104,626
105,626
113,626
114,626
121,626
122,626
130,626
135,626
162,626
163,626
178,626
182,626
183,626
185,626
186,626
237,626
248,626
252,626
260,626
262,626
293,626
299,626
309,626
313,626
322,626
331,626
332,626
343,626
350,626
352,626
31,627
44,627
46,627
51,627
53,627
71,627
113,627
114,627
135,627
152,627
162,627
163,627
248,627
252,627
279,627
293,627
309,627
313,627
332,627
340,627
343,627
349,627
350,627
352,627
33,628
34,628
51,628
53,628
183,628
248,628
293,628
313,628
322,628
352,628
113,629
114,629
130,630
19,631
44,631
48,631
85,631
101,631
104,631
105,631
113,631
114,631
178,631
183,631
237,631
262,631
322,631
331,631
350,631
8,632
17,632
19,632
28,632
31,632
33,632
34,632
48,632
78,632
79,632
80,632
85,632
91,632
93,632
94,632
98,632
104,632
105,632
113,632
114,632
127,632
130,632
135,632
145,632
178,632
224,632
225,632
232,632
234,632
237,632
252,632
260,632
269,632
279,632
301,632
305,632
309,632
320,632
331,632
332,632
349,632
350,632
21,633
28,633
33,633
34,633
48,633
51,633
53,633
121,633
130,633
173,633
183,633
248,633
293,633
313,633
322,633
352,633
79,634
80,634
98,634
176,634
225,634
13,635
44,635
46,635
51,635
53,635
69,635
79,635
80,635
82,635
91,635
98,635
113,635
114,635
135,635
162,635
163,635
178,635
183,635
248,635
252,635
293,635
309,635
313,635
322,635
332,635
343,635
347,635
352,635
358,635
359,635
362,635
28,636
130,636
28,637
44,637
223,637
19,638
31,638
33,638
34,638
44,638
46,638
48,638
51,638
53,638
69,638
82,638
85,638
104,638
105,638
113,638
114,638
121,638
122,638
130,638
131,638
135,638
138,638
145,638
147,638
164,638
182,638
183,638
224,638
237,638
245,638
248,638
252,638
262,638
269,638
279,638
293,638
305,638
309,638
311,638
313,638
320,638
322,638
331,638
332,638
347,638
349,638
350,638
352,638
358,638
359,638
362,638
19,639
28,639
31,639
33,639
34,639
44,639
48,639
51,639
53,639
69,639
71,639
79,639
80,639
82,639
85,639
101,639
104,639
105,639
108,639
113,639
114,639
122,639
130,639
131,639
135,639
138,639
145,639
146,639
147,639
178,639
182,639
183,639
212,639
215,639
216,639
217,639
218,639
224,639
235,639
237,639
245,639
246,639
248,639
251,639
252,639
260,639
262,639
269,639
279,639
293,639
309,639
311,639
313,639
320,639
322,639
331,639
332,639
349,639
350,639
352,639
205,640
332,640
350,640
33,641
34,641
51,641
53,641
69,641
135,641
248,641
252,641
293,641
309,641
313,641
332,641
350,641
352,641
365,641
19,642
104,642
105,642
237,642
331,642
85,643
113,643
114,643
98,644
350,644
19,645
33,645
34,645
44,645
48,645
82,645
85,645
98,645
104,645
105,645
113,645
114,645
130,645
135,645
138,645
164,645
183,645
185,645
186,645
215,645
216,645
217,645
224,645
237,645
245,645
251,645
252,645
260,645
262,645
309,645
311,645
320,645
322,645
331,645
332,645
347,645
350,645
358,645
359,645
362,645
19,646
28,646
69,646
104,646
105,646
113,646
114,646
164,646
183,646
237,646
252,646
322,646
331,646
332,646
350,646
44,647
48,647
147,647
279,647
332,647
349,647
350,647
19,648
33,648
34,648
44,648
48,648
104,648
105,648
113,648
114,648
122,648
130,648
178,648
224,648
237,648
252,648
305,648
331,648
350,648
85,649
31,650
33,650
34,650
69,650
108,650
126,650
127,650
231,650
332,650
44,651
113,651
114,651
350,651
19,652
33,652
34,652
48,652
85,652
101,652
104,652
105,652
113,652
114,652
127,652
182,652
234,652
237,652
252,652
311,652
320,652
331,652
51,653
53,653
248,653
293,653
313,653
332,653
352,653
33,654
34,654
51,654
53,654
185,654
186,654
248,654
293,654
313,654
352,654
51,655
53,655
248,655
293,655
313,655
352,655
8,656
17,656
19,656
31,656
33,656
34,656
44,656
46,656
48,656
51,656
53,656
69,656
79,656
80,656
85,656
98,656
101,656
104,656
105,656
113,656
114,656
121,656
122,656
127,656
130,656
135,656
138,656
145,656
147,656
150,656
178,656
183,656
218,656
224,656
225,656
237,656
245,656
248,656
251,656
252,656
269,656
279,656
293,656
309,656
311,656
313,656
322,656
331,656
332,656
340,656
349,656
350,656
352,656
13,657
113,657
114,657
183,657
262,657
322,657
332,657
347,657
350,657
358,657
359,657
362,657
79,658
80,658
82,658
91,658
178,658
332,658
13,659
33,659
34,659
171,659
183,659
284,659
322,659
113,660
114,660
332,660
347,660
358,660
359,660
362,660
8,661
17,661
19,661
31,661
69,661
82,661
85,661
104,661
105,661
113,661
114,661
183,661
237,661
252,661
322,661
331,661
332,661
19,662
33,662
34,662
85,662
101,662
104,662
105,662
237,662
252,662
331,662
350,662
44,663
113,663
114,663
147,663
311,663
350,663
69,664
85,664
183,664
279,664
305,664
322,664
349,664
44,665
79,665
80,665
113,665
114,665
115,665
130,665
135,665
279,665
309,665
332,665
349,665
350,665
183,666
322,666
13,667
19,667
28,667
85,667
104,667
105,667
113,667
114,667
135,667
164,667
178,667
223,667
224,667
237,667
246,667
251,667
252,667
279,667
309,667
331,667
332,667
347,667
349,667
350,667
358,667
359,667
362,667
44,668
113,669
114,669
135,669
252,669
309,669
332,670
8,671
17,671
31,671
28,672
44,672
135,672
252,672
309,672
350,672
28,673
33,673
34,673
44,673
51,673
53,673
135,673
248,673
252,673
293,673
309,673
313,673
350,673
352,673
28,674
33,674
34,674
44,674
48,674
135,674
164,674
252,674
262,674
309,674
350,674
28,675
33,675
34,675
44,675
51,675
53,675
135,675
180,675
248,675
252,675
293,675
309,675
313,675
350,675
352,675
19,676
28,676
44,676
48,676
104,676
105,676
135,676
237,676
252,676
309,676
331,676
350,676
28,677
44,677
135,677
252,677
309,677
350,677
19,678
28,678
33,678
34,678
44,678
51,678
53,678
69,678
104,678
105,678
113,678
114,678
130,678
135,678
164,678
180,678
183,678
224,678
237,678
248,678
252,678
293,678
309,678
313,678
322,678
331,678
332,678
350,678
352,678
19,679
28,679
44,679
85,679
104,679
105,679
135,679
237,679
252,679
309,679
331,679
350,679
46,680
332,680
350,680
113,681
114,681
28,682
44,682
135,682
252,682
309,682
332,682
350,682
113,683
114,683
252,683
19,684
104,684
105,684
237,684
331,684
33,685
34,685
51,685
53,685
127,685
162,685
163,685
185,685
186,685
248,685
293,685
313,685
343,685
352,685
353,685
44,686
224,686
28,687
350,687
28,688
135,688
145,688
185,688
186,688
269,688
309,688
185,689
186,689
33,690
34,690
51,690
53,690
127,690
162,690
163,690
185,690
186,690
248,690
293,690
313,690
343,690
352,690
33,691
34,691
51,691
53,691
162,691
163,691
185,691
186,691
248,691
293,691
313,691
343,691
352,691
353,691
185,692
186,692
33,693
34,693
127,693
160,693
185,693
186,693
28,694
28,695
33,695
34,695
115,695
363,695
28,696
33,696
34,696
178,696
332,696
28,697
115,697
28,698
183,698
322,698
19,699
104,699
105,699
237,699
331,699
85,700
113,700
114,700
252,700
51,701
53,701
113,701
114,701
248,701
293,701
313,701
352,701
85,702
252,702
28,703
31,703
33,703
34,703
48,703
51,703
53,703
173,703
178,703
248,703
293,703
305,703
313,703
332,703
350,703
352,703
51,704
53,704
248,704
252,704
293,704
313,704
352,704
183,705
322,705
51,706
53,706
248,706
293,706
313,706
352,706
51,707
53,707
248,707
293,707
313,707
352,707
31,708
33,708
34,708
51,708
53,708
121,708
127,708
231,708
248,708
252,708
293,708
313,708
320,708
332,708
352,708
19,709
104,709
105,709
224,709
237,709
252,709
331,709
350,709
11,710
19,710
33,710
34,710
44,710
46,710
48,710
51,710
53,710
71,710
79,710
80,710
85,710
91,710
104,710
105,710
113,710
114,710
121,710
122,710
130,710
135,710
182,710
183,710
224,710
237,710
245,710
248,710
260,710
293,710
309,710
311,710
313,710
322,710
331,710
332,710
340,710
350,710
352,710
31,711
33,711
34,711
44,711
69,711
71,711
121,711
126,711
130,711
85,712
121,712
178,712
33,713
34,713
260,714
332,714
19,715
79,715
80,715
82,715
104,715
105,715
113,715
114,715
130,715
135,715
237,715
309,715
331,715
332,715
11,716
13,716
19,716
33,716
34,716
44,716
51,716
53,716
104,716
105,716
113,716
114,716
237,716
248,716
251,716
252,716
293,716
313,716
331,716
332,716
347,716
350,716
352,716
358,716
359,716
362,716
21,717
28,717
121,717
252,717
279,717
349,717
135,718
309,718
28,719
82,719
113,719
114,719
183,719
305,719
322,719
332,719
350,719
130,720
279,721
349,721
19,722
44,722
85,722
101,722
104,722
105,722
113,722
114,722
121,722
122,722
135,722
178,722
183,722
224,722
237,722
252,722
309,722
322,722
331,722
332,722
340,722
8,723
17,723
33,723
34,723
46,723
51,723
53,723
91,723
171,723
248,723
284,723
293,723
313,723
352,723
15,724
33,724
34,724
44,724
127,724
131,724
162,724
163,724
178,724
232,724
245,724
343,724
305,725
31,726
33,726
34,726
51,726
53,726
248,726
293,726
313,726
352,726
305,727
113,728
114,728
33,729
34,729
46,729
130,730
350,730
122,731
350,731
130,732
350,732
33,733
34,733
135,733
145,733
178,733
269,733
309,733
332,733
350,733
8,734
17,734
19,734
21,734
28,734
31,734
33,734
34,734
44,734
48,734
51,734
53,734
69,734
78,734
79,734
80,734
104,734
105,734
113,734
114,734
127,734
145,734
183,734
185,734
186,734
237,734
248,734
252,734
269,734
279,734
293,734
313,734
322,734
331,734
332,734
349,734
350,734
352,734
19,735
44,735
46,735
48,735
69,735
79,735
80,735
85,735
101,735
104,735
105,735
113,735
114,735
135,735
147,735
183,735
224,735
237,735
252,735
260,735
279,735
309,735
322,735
331,735
332,735
349,735
350,735
19,736
31,736
44,736
48,736
51,736
53,736
69,736
79,736
80,736
82,736
85,736
101,736
104,736
105,736
113,736
114,736
121,736
130,736
135,736
138,736
145,736
147,736
178,736
183,736
224,736
235,736
237,736
248,736
251,736
252,736
260,736
269,736
279,736
293,736
309,736
311,736
313,736
320,736
322,736
331,736
332,736
340,736
347,736
349,736
350,736
352,736
358,736
359,736
362,736
363,736
8,737
17,737
19,737
28,737
31,737
33,737
34,737
44,737
46,737
48,737
51,737
53,737
69,737
79,737
80,737
82,737
85,737
91,737
101,737
104,737
105,737
113,737
114,737
121,737
122,737
126,737
127,737
130,737
135,737
147,737
156,737
178,737
182,737
183,737
185,737
186,737
212,737
223,737
224,737
231,737
235,737
237,737
245,737
246,737
248,737
251,737
252,737
258,737
260,737
262,737
279,737
293,737
305,737
309,737
311,737
313,737
320,737
322,737
331,737
332,737
340,737
347,737
349,737
350,737
352,737
358,737
359,737
362,737
27,738
31,738
79,738
80,738
190,738
340,738
33,739
34,739
44,739
51,739
53,739
113,739
114,739
127,739
130,739
135,739
152,739
248,739
252,739
293,739
309,739
313,739
350,739
352,739
19,740
28,740
31,740
33,740
34,740
39,740
44,740
46,740
48,740
51,740
53,740
69,740
71,740
82,740
85,740
98,740
101,740
104,740
105,740
113,740
114,740
121,740
130,740
131,740
135,740
138,740
178,740
183,740
185,740
186,740
218,740
224,740
234,740
237,740
245,740
246,740
248,740
252,740
279,740
293,740
299,740
309,740
311,740
313,740
320,740
322,740
331,740
332,740
340,740
342,740
349,740
350,740
352,740
19,741
46,741
48,741
69,741
78,741
85,741
101,741
104,741
105,741
113,741
114,741
135,741
145,741
147,741
183,741
185,741
186,741
218,741
224,741
237,741
252,741
260,741
269,741
309,741
322,741
331,741
332,741
350,741
19,742
44,742
48,742
69,742
85,742
101,742
104,742
105,742
113,742
114,742
130,742
135,742
145,742
183,742
237,742
252,742
269,742
309,742
322,742
331,742
350,742
19,743
28,743
44,743
85,743
104,743
105,743
113,743
114,743
178,743
224,743
237,743
252,743
331,743
350,743
48,744
79,744
80,744
98,744
224,744
332,744
19,745
48,745
85,745
104,745
105,745
113,745
114,745
130,745
183,745
235,745
237,745
251,745
322,745
331,745
332,745
350,745
33,746
34,746
332,746
15,747
28,747
31,747
44,747
46,747
71,747
93,747
94,747
121,747
126,747
127,747
135,747
162,747
163,747
173,747
180,747
185,747
186,747
223,747
251,747
260,747
301,747
309,747
332,747
343,747
350,747
113,748
114,748
135,748
309,748
347,748
358,748
359,748
362,748
260,749
31,750
31,751
44,751
305,751
46,752
162,752
163,752
185,752
186,752
343,752
113,753
114,753
152,753
178,753
252,753
340,753
121,754
28,755
33,755
34,755
145,755
183,755
269,755
322,755
332,755
28,756
33,756
34,756
51,756
53,756
113,756
114,756
121,756
122,756
183,756
248,756
251,756
252,756
293,756
313,756
322,756
332,756
352,756
44,757
46,757
48,757
113,757
114,757
135,757
252,757
309,757
19,758
31,758
33,758
34,758
44,758
46,758
48,758
51,758
53,758
69,758
71,758
82,758
85,758
98,758
101,758
104,758
105,758
108,758
113,758
114,758
121,758
130,758
131,758
135,758
147,758
183,758
218,758
237,758
245,758
248,758
252,758
279,758
293,758
309,758
311,758
313,758
320,758
322,758
331,758
332,758
347,758
349,758
350,758
352,758
358,758
359,758
362,758
113,759
114,759
183,759
251,759
322,759
33,760
34,760
51,760
53,760
248,760
293,760
313,760
352,760
262,761
262,762
33,763
34,763
91,763
130,763
218,763
231,763
251,763
252,763
320,763
332,763
145,764
269,764
79,765
80,765
82,765
98,765
121,765
122,765
225,765
279,765
305,765
349,765
332,766
51,767
53,767
79,767
80,767
183,767
248,767
293,767
313,767
322,767
352,767
98,768
178,768
225,768
260,768
8,769
17,769
19,769
44,769
104,769
105,769
178,769
237,769
260,769
331,769
350,769
8,770
13,770
17,770
19,770
31,770
33,770
34,770
44,770
46,770
48,770
51,770
53,770
78,770
85,770
101,770
104,770
105,770
113,770
114,770
115,770
121,770
122,770
130,770
131,770
135,770
138,770
147,770
156,770
162,770
163,770
173,770
178,770
183,770
185,770
186,770
203,770
204,770
224,770
225,770
235,770
237,770
245,770
246,770
248,770
252,770
260,770
262,770
279,770
293,770
309,770
313,770
322,770
331,770
332,770
340,770
343,770
347,770
349,770
350,770
352,770
358,770
359,770
362,770
19,771
48,771
85,771
104,771
105,771
113,771
114,771
130,771
138,771
178,771
224,771
237,771
252,771
331,771
332,771
350,771
31,772
85,772
101,772
113,772
114,772
130,772
147,772
252,772
297,772
19,773
104,773
105,773
113,773
114,773
178,773
224,773
237,773
252,773
331,773
350,773
19,774
44,774
85,774
104,774
105,774
113,774
114,774
156,774
178,774
183,774
224,774
237,774
246,774
252,774
322,774
331,774
332,774
347,774
350,774
358,774
359,774
362,774
19,775
104,775
105,775
237,775
331,775
44,776
51,776
53,776
130,776
135,776
183,776
224,776
248,776
252,776
293,776
309,776
313,776
322,776
332,776
352,776
8,777
17,777
19,777
33,777
34,777
44,777
48,777
104,777
105,777
131,777
178,777
183,777
224,777
237,777
252,777
322,777
331,777
350,777
1,778
19,778
27,778
44,778
78,778
79,778
80,778
104,778
105,778
183,778
190,778
224,778
237,778
245,778
252,778
322,778
331,778
332,778
350,778
48,779
113,779
114,779
252,779
332,779
350,779
183,780
322,780
48,781
85,781
101,781
113,781
114,781
27,782
113,782
114,782
135,782
190,782
252,782
309,782
350,782
19,783
48,783
104,783
105,783
224,783
237,783
252,783
331,783
19,784
33,784
34,784
104,784
105,784
126,784
185,784
186,784
224,784
237,784
331,784
8,785
17,785
19,785
39,785
48,785
85,785
101,785
104,785
105,785
113,785
114,785
135,785
138,785
162,785
163,785
164,785
178,785
180,785
182,785
183,785
185,785
186,785
218,785
224,785
235,785
237,785
252,785
299,785
309,785
311,785
322,785
331,785
332,785
343,785
350,785
19,786
48,786
85,786
104,786
105,786
113,786
114,786
135,786
178,786
224,786
237,786
252,786
279,786
309,786
331,786
349,786
350,786
13,787
19,787
31,787
44,787
46,787
48,787
69,787
79,787
80,787
82,787
85,787
91,787
98,787
104,787
105,787
130,787
135,787
147,787
178,787
183,787
224,787
237,787
309,787
311,787
322,787
331,787
332,787
350,787
19,788
27,788
31,788
44,788
46,788
48,788
85,788
104,788
105,788
113,788
114,788
130,788
147,788
178,788
183,788
190,788
224,788
235,788
237,788
245,788
252,788
260,788
279,788
322,788
331,788
332,788
347,788
349,788
350,788
358,788
359,788
362,788
8,789
17,789
19,789
33,789
34,789
46,789
48,789
51,789
53,789
85,789
104,789
105,789
113,789
114,789
135,789
138,789
224,789
237,789
248,789
252,789
262,789
293,789
309,789
313,789
331,789
332,789
347,789
350,789
352,789
358,789
359,789
362,789
33,790
34,790
182,790
48,791
8,792
13,792
17,792
19,792
27,792
31,792
33,792
34,792
44,792
46,792
48,792
51,792
53,792
69,792
79,792
80,792
82,792
85,792
104,792
105,792
113,792
114,792
122,792
130,792
131,792
135,792
145,792
147,792
178,792
182,792
183,792
190,792
203,792
204,792
215,792
216,792
217,792
224,792
237,792
248,792
251,792
252,792
260,792
269,792
293,792
305,792
309,792
311,792
313,792
322,792
331,792
332,792
340,792
347,792
350,792
352,792
358,792
359,792
362,792
19,793
33,793
34,793
39,793
51,793
53,793
85,793
104,793
105,793
113,793
114,793
127,793
135,793
162,793
163,793
183,793
185,793
186,793
215,793
216,793
217,793
231,793
235,793
237,793
248,793
252,793
293,793
299,793
309,793
313,793
322,793
331,793
340,793
343,793
350,793
352,793
31,794
33,794
34,794
69,794
168,794
231,794
252,794
44,795
48,795
113,795
114,795
130,795
224,795
252,795
332,795
347,795
350,795
358,795
359,795
362,795
19,796
69,796
85,796
104,796
105,796
113,796
114,796
135,796
138,796
183,796
224,796
237,796
252,796
262,796
309,796
322,796
331,796
332,796
350,796
121,797
205,797
51,798
53,798
145,798
183,798
248,798
260,798
269,798
293,798
313,798
322,798
332,798
350,798
352,798
19,799
46,799
63,799
85,799
104,799
105,799
113,799
114,799
147,799
178,799
237,799
331,799
19,800
48,800
69,800
71,800
85,800
101,800
104,800
105,800
113,800
114,800
178,800
183,800
237,800
252,800
322,800
331,800
332,800
347,800
350,800
358,800
359,800
362,800
102,801
113,801
114,801
130,801
350,801
19,802
33,802
34,802
38,802
51,802
53,802
78,802
85,802
104,802
105,802
113,802
114,802
127,802
131,802
138,802
150,802
224,802
232,802
234,802
237,802
248,802
252,802
293,802
313,802
331,802
332,802
350,802
352,802
78,803
79,803
80,803
85,803
113,803
114,803
252,803
311,803
320,803
27,804
31,804
33,804
34,804
46,804
51,804
53,804
79,804
80,804
82,804
85,804
91,804
113,804
114,804
190,804
248,804
293,804
305,804
313,804
332,804
352,804
